Arquivo;Classe Real;Classe Prevista;Score SVM;Distância Absoluta do Hiperplano;Probabilidade Fake (%);Confiança (%);Resultado
3063.txt;Fake;Fake;0.763165;0.763165;68.2;68.2;Acerto
3064.txt;Fake;Fake;1.260826;1.260826;77.92;77.92;Acerto
3065.txt;Fake;Fake;0.52787;0.52787;62.9;62.9;Acerto
3066.txt;Fake;Fake;1.293085;1.293085;78.47;78.47;Acerto
3067.txt;Fake;Fake;1.697535;1.697535;84.52;84.52;Acerto
3068.txt;Fake;Fake;1.039727;1.039727;73.88;73.88;Acerto
3069.txt;Fake;Fake;0.016191;0.016191;50.4;50.4;Acerto
3070.txt;Fake;Fake;1.479732;1.479732;81.45;81.45;Acerto
3071.txt;Fake;Fake;0.004726;0.004726;50.12;50.12;Acerto
3072.txt;Fake;Fake;0.783679;0.783679;68.65;68.65;Acerto
3073.txt;Fake;Fake;1.75433;1.75433;85.25;85.25;Acerto
3074.txt;Fake;Fake;1.356881;1.356881;79.53;79.53;Acerto
3075.txt;Fake;Fake;1.948351;1.948351;87.53;87.53;Acerto
3076.txt;Fake;Fake;1.740095;1.740095;85.07;85.07;Acerto
3077.txt;Fake;Fake;1.228654;1.228654;77.36;77.36;Acerto
3078.txt;Fake;Fake;2.072938;2.072938;88.82;88.82;Acerto
3079.txt;Fake;Fake;1.254596;1.254596;77.81;77.81;Acerto
3080.txt;Fake;Fake;0.769304;0.769304;68.34;68.34;Acerto
3081.txt;Fake;Fake;1.855331;1.855331;86.48;86.48;Acerto
3082.txt;Fake;Fake;0.185094;0.185094;54.61;54.61;Acerto
3083.txt;Fake;Fake;1.293464;1.293464;78.47;78.47;Acerto
3084.txt;Fake;Fake;1.569841;1.569841;82.78;82.78;Acerto
3085.txt;Fake;Fake;1.20252;1.20252;76.9;76.9;Acerto
3086.txt;Fake;Fake;2.197183;2.197183;90.0;90.0;Acerto
3087.txt;Fake;Fake;2.686085;2.686085;93.62;93.62;Acerto
3088.txt;Fake;Fake;1.128361;1.128361;75.55;75.55;Acerto
3089.txt;Fake;Fake;0.468899;0.468899;61.51;61.51;Acerto
3090.txt;Fake;Fake;1.03561;1.03561;73.8;73.8;Acerto
3091.txt;Fake;Fake;1.171234;1.171234;76.34;76.34;Acerto
3092.txt;Fake;Fake;0.905035;0.905035;71.2;71.2;Acerto
3093.txt;Fake;Fake;1.171735;1.171735;76.35;76.35;Acerto
3094.txt;Fake;Fake;0.718856;0.718856;67.24;67.24;Acerto
3095.txt;Fake;Fake;1.274165;1.274165;78.15;78.15;Acerto
3096.txt;Fake;Fake;0.554435;0.554435;63.52;63.52;Acerto
3097.txt;Fake;Fake;1.445022;1.445022;80.92;80.92;Acerto
3098.txt;Fake;Fake;0.781229;0.781229;68.59;68.59;Acerto
3099.txt;Fake;Fake;1.332885;1.332885;79.13;79.13;Acerto
3100.txt;Fake;Fake;0.542159;0.542159;63.23;63.23;Acerto
3101.txt;Fake;Fake;0.891069;0.891069;70.91;70.91;Acerto
3102.txt;Fake;Fake;1.557905;1.557905;82.61;82.61;Acerto
3103.txt;Fake;Fake;1.142227;1.142227;75.81;75.81;Acerto
3104.txt;Fake;Fake;0.844196;0.844196;69.93;69.93;Acerto
3105.txt;Fake;Fake;1.300125;1.300125;78.59;78.59;Acerto
3106.txt;Fake;Fake;0.885941;0.885941;70.81;70.81;Acerto
3107.txt;Fake;Fake;0.701296;0.701296;66.85;66.85;Acerto
3108.txt;Fake;Fake;0.031457;0.031457;50.79;50.79;Acerto
3109.txt;Fake;Fake;0.893567;0.893567;70.96;70.96;Acerto
3110.txt;Fake;Fake;0.968424;0.968424;72.48;72.48;Acerto
3111.txt;Fake;Fake;0.910316;0.910316;71.31;71.31;Acerto
3112.txt;Fake;Verdadeira;-0.005412;0.005412;49.86;50.14;Erro
3113.txt;Fake;Fake;1.158416;1.158416;76.1;76.1;Acerto
3114.txt;Fake;Fake;0.40018;0.40018;59.87;59.87;Acerto
3115.txt;Fake;Fake;0.291045;0.291045;57.23;57.23;Acerto
3116.txt;Fake;Fake;0.432123;0.432123;60.64;60.64;Acerto
3117.txt;Fake;Fake;1.277709;1.277709;78.21;78.21;Acerto
3118.txt;Fake;Fake;0.921838;0.921838;71.54;71.54;Acerto
3119.txt;Fake;Fake;1.109208;1.109208;75.2;75.2;Acerto
3120.txt;Fake;Fake;1.505005;1.505005;81.83;81.83;Acerto
3121.txt;Fake;Fake;1.484671;1.484671;81.53;81.53;Acerto
3122.txt;Fake;Fake;1.024189;1.024189;73.58;73.58;Acerto
3123.txt;Fake;Fake;0.168427;0.168427;54.2;54.2;Acerto
3124.txt;Fake;Fake;1.577405;1.577405;82.88;82.88;Acerto
3125.txt;Fake;Fake;0.659065;0.659065;65.91;65.91;Acerto
3126.txt;Fake;Fake;0.84448;0.84448;69.94;69.94;Acerto
3127.txt;Fake;Fake;0.008562;0.008562;50.21;50.21;Acerto
3128.txt;Fake;Fake;1.434455;1.434455;80.76;80.76;Acerto
3129.txt;Fake;Fake;0.496056;0.496056;62.15;62.15;Acerto
3130.txt;Fake;Fake;0.941767;0.941767;71.95;71.95;Acerto
3131.txt;Fake;Fake;1.148596;1.148596;75.93;75.93;Acerto
3132.txt;Fake;Fake;1.917505;1.917505;87.19;87.19;Acerto
3133.txt;Fake;Fake;1.191381;1.191381;76.7;76.7;Acerto
3134.txt;Fake;Fake;1.437331;1.437331;80.8;80.8;Acerto
3135.txt;Fake;Verdadeira;-1.480773;1.480773;18.53;81.47;Erro
3136.txt;Fake;Fake;1.118549;1.118549;75.37;75.37;Acerto
3137.txt;Fake;Fake;1.006486;1.006486;73.23;73.23;Acerto
3138.txt;Fake;Fake;1.9396;1.9396;87.43;87.43;Acerto
3139.txt;Fake;Fake;0.342817;0.342817;58.49;58.49;Acerto
3140.txt;Fake;Fake;1.725232;1.725232;84.88;84.88;Acerto
3141.txt;Fake;Fake;2.417491;2.417491;91.82;91.82;Acerto
3142.txt;Fake;Fake;1.005461;1.005461;73.21;73.21;Acerto
3143.txt;Fake;Fake;1.605615;1.605615;83.28;83.28;Acerto
3144.txt;Fake;Verdadeira;-0.210663;0.210663;44.75;55.25;Erro
3145.txt;Fake;Fake;0.797217;0.797217;68.94;68.94;Acerto
3146.txt;Fake;Fake;0.065288;0.065288;51.63;51.63;Acerto
3147.txt;Fake;Fake;1.792692;1.792692;85.73;85.73;Acerto
3148.txt;Fake;Fake;0.98989;0.98989;72.91;72.91;Acerto
3149.txt;Fake;Fake;0.546688;0.546688;63.34;63.34;Acerto
3150.txt;Fake;Fake;0.963839;0.963839;72.39;72.39;Acerto
3151.txt;Fake;Fake;0.425626;0.425626;60.48;60.48;Acerto
3152.txt;Fake;Fake;1.176058;1.176058;76.42;76.42;Acerto
3153.txt;Fake;Fake;1.006623;1.006623;73.24;73.24;Acerto
3154.txt;Fake;Fake;0.629969;0.629969;65.25;65.25;Acerto
3155.txt;Fake;Fake;0.656523;0.656523;65.85;65.85;Acerto
3156.txt;Fake;Fake;0.405764;0.405764;60.01;60.01;Acerto
3157.txt;Fake;Fake;1.167277;1.167277;76.27;76.27;Acerto
3158.txt;Fake;Fake;0.487248;0.487248;61.95;61.95;Acerto
3159.txt;Fake;Fake;0.817103;0.817103;69.36;69.36;Acerto
3160.txt;Fake;Fake;0.379687;0.379687;59.38;59.38;Acerto
3161.txt;Fake;Fake;1.001249;1.001249;73.13;73.13;Acerto
3162.txt;Fake;Fake;1.708958;1.708958;84.67;84.67;Acerto
3163.txt;Fake;Fake;0.521761;0.521761;62.76;62.76;Acerto
3164.txt;Fake;Fake;0.478508;0.478508;61.74;61.74;Acerto
3165.txt;Fake;Fake;0.653615;0.653615;65.78;65.78;Acerto
3166.txt;Fake;Fake;1.1943;1.1943;76.75;76.75;Acerto
3167.txt;Fake;Fake;0.17593;0.17593;54.39;54.39;Acerto
3168.txt;Fake;Fake;1.079958;1.079958;74.65;74.65;Acerto
3169.txt;Fake;Fake;0.740481;0.740481;67.71;67.71;Acerto
3170.txt;Fake;Fake;0.766838;0.766838;68.28;68.28;Acerto
3171.txt;Fake;Verdadeira;-0.006449;0.006449;49.84;50.16;Erro
3172.txt;Fake;Fake;1.068418;1.068418;74.43;74.43;Acerto
3173.txt;Fake;Verdadeira;-0.063445;0.063445;48.41;51.59;Erro
3174.txt;Fake;Fake;1.468994;1.468994;81.29;81.29;Acerto
3175.txt;Fake;Fake;0.29114;0.29114;57.23;57.23;Acerto
3176.txt;Fake;Fake;0.561934;0.561934;63.69;63.69;Acerto
3177.txt;Fake;Fake;0.876899;0.876899;70.62;70.62;Acerto
3178.txt;Fake;Fake;1.196025;1.196025;76.78;76.78;Acerto
3179.txt;Fake;Fake;1.241313;1.241313;77.58;77.58;Acerto
3180.txt;Fake;Fake;0.475074;0.475074;61.66;61.66;Acerto
3181.txt;Fake;Fake;0.569651;0.569651;63.87;63.87;Acerto
3182.txt;Fake;Fake;0.678563;0.678563;66.34;66.34;Acerto
3183.txt;Fake;Fake;1.608357;1.608357;83.32;83.32;Acerto
3184.txt;Fake;Fake;0.471022;0.471022;61.56;61.56;Acerto
3185.txt;Fake;Verdadeira;-0.645457;0.645457;34.4;65.6;Erro
3186.txt;Fake;Fake;1.115293;1.115293;75.31;75.31;Acerto
3187.txt;Fake;Fake;0.093258;0.093258;52.33;52.33;Acerto
3188.txt;Fake;Fake;0.857677;0.857677;70.22;70.22;Acerto
3189.txt;Fake;Fake;1.333398;1.333398;79.14;79.14;Acerto
3190.txt;Fake;Fake;1.231009;1.231009;77.4;77.4;Acerto
3191.txt;Fake;Fake;0.398187;0.398187;59.83;59.83;Acerto
3192.txt;Fake;Fake;0.836165;0.836165;69.77;69.77;Acerto
3193.txt;Fake;Fake;2.188875;2.188875;89.92;89.92;Acerto
3194.txt;Fake;Fake;0.051869;0.051869;51.3;51.3;Acerto
3195.txt;Fake;Fake;1.044943;1.044943;73.98;73.98;Acerto
3196.txt;Fake;Fake;0.626979;0.626979;65.18;65.18;Acerto
3197.txt;Fake;Fake;0.562371;0.562371;63.7;63.7;Acerto
3198.txt;Fake;Fake;1.504254;1.504254;81.82;81.82;Acerto
3199.txt;Fake;Fake;0.483304;0.483304;61.85;61.85;Acerto
3200.txt;Fake;Fake;1.569212;1.569212;82.77;82.77;Acerto
3201.txt;Fake;Fake;0.742505;0.742505;67.75;67.75;Acerto
3202.txt;Fake;Fake;1.284016;1.284016;78.31;78.31;Acerto
3203.txt;Fake;Fake;0.262857;0.262857;56.53;56.53;Acerto
3204.txt;Fake;Fake;0.491827;0.491827;62.05;62.05;Acerto
3205.txt;Fake;Fake;1.121832;1.121832;75.43;75.43;Acerto
3206.txt;Fake;Fake;1.033675;1.033675;73.76;73.76;Acerto
3207.txt;Fake;Fake;1.724544;1.724544;84.87;84.87;Acerto
3208.txt;Fake;Fake;0.564567;0.564567;63.75;63.75;Acerto
3209.txt;Fake;Fake;1.396696;1.396696;80.17;80.17;Acerto
3210.txt;Fake;Fake;1.397841;1.397841;80.18;80.18;Acerto
3211.txt;Fake;Fake;0.700263;0.700263;66.82;66.82;Acerto
3212.txt;Fake;Fake;0.952564;0.952564;72.16;72.16;Acerto
3213.txt;Fake;Fake;0.941804;0.941804;71.95;71.95;Acerto
3214.txt;Fake;Fake;0.375843;0.375843;59.29;59.29;Acerto
3215.txt;Fake;Fake;2.064299;2.064299;88.74;88.74;Acerto
3216.txt;Fake;Verdadeira;-0.144403;0.144403;46.4;53.6;Erro
3217.txt;Fake;Fake;1.174561;1.174561;76.4;76.4;Acerto
3218.txt;Fake;Fake;1.093838;1.093838;74.91;74.91;Acerto
3219.txt;Fake;Fake;0.834767;0.834767;69.74;69.74;Acerto
3220.txt;Fake;Fake;0.714948;0.714948;67.15;67.15;Acerto
3221.txt;Fake;Verdadeira;-0.248658;0.248658;43.82;56.18;Erro
3222.txt;Fake;Fake;0.759945;0.759945;68.13;68.13;Acerto
3223.txt;Fake;Fake;0.406946;0.406946;60.04;60.04;Acerto
3224.txt;Fake;Fake;0.975562;0.975562;72.62;72.62;Acerto
3225.txt;Fake;Fake;0.541779;0.541779;63.22;63.22;Acerto
3226.txt;Fake;Fake;0.421349;0.421349;60.38;60.38;Acerto
3227.txt;Fake;Fake;0.207415;0.207415;55.17;55.17;Acerto
3228.txt;Fake;Fake;1.859713;1.859713;86.53;86.53;Acerto
3229.txt;Fake;Fake;1.042763;1.042763;73.94;73.94;Acerto
3230.txt;Fake;Fake;0.343657;0.343657;58.51;58.51;Acerto
3231.txt;Fake;Verdadeira;-0.31;0.31;42.31;57.69;Erro
3232.txt;Fake;Fake;1.266204;1.266204;78.01;78.01;Acerto
3233.txt;Fake;Fake;0.934772;0.934772;71.8;71.8;Acerto
3234.txt;Fake;Fake;0.57558;0.57558;64.0;64.0;Acerto
3235.txt;Fake;Fake;1.383112;1.383112;79.95;79.95;Acerto
3236.txt;Fake;Fake;1.006093;1.006093;73.23;73.23;Acerto
3237.txt;Fake;Fake;2.202124;2.202124;90.04;90.04;Acerto
3238.txt;Fake;Fake;2.29869;2.29869;90.88;90.88;Acerto
3239.txt;Fake;Fake;1.325359;1.325359;79.01;79.01;Acerto
3240.txt;Fake;Fake;1.226612;1.226612;77.32;77.32;Acerto
3241.txt;Fake;Fake;1.547733;1.547733;82.46;82.46;Acerto
3242.txt;Fake;Fake;0.444635;0.444635;60.94;60.94;Acerto
3243.txt;Fake;Fake;0.536753;0.536753;63.11;63.11;Acerto
3244.txt;Fake;Fake;0.616456;0.616456;64.94;64.94;Acerto
3245.txt;Fake;Fake;1.459926;1.459926;81.15;81.15;Acerto
3246.txt;Fake;Fake;1.102588;1.102588;75.07;75.07;Acerto
3247.txt;Fake;Verdadeira;-0.154717;0.154717;46.14;53.86;Erro
3248.txt;Fake;Fake;1.370458;1.370458;79.75;79.75;Acerto
3249.txt;Fake;Fake;0.766297;0.766297;68.27;68.27;Acerto
3250.txt;Fake;Fake;0.981055;0.981055;72.73;72.73;Acerto
3251.txt;Fake;Verdadeira;-0.090204;0.090204;47.75;52.25;Erro
3252.txt;Fake;Fake;0.471912;0.471912;61.58;61.58;Acerto
3253.txt;Fake;Fake;0.509173;0.509173;62.46;62.46;Acerto
3254.txt;Fake;Fake;0.186161;0.186161;54.64;54.64;Acerto
3255.txt;Fake;Verdadeira;-0.075668;0.075668;48.11;51.89;Erro
3256.txt;Fake;Fake;1.094313;1.094313;74.92;74.92;Acerto
3257.txt;Fake;Fake;0.637917;0.637917;65.43;65.43;Acerto
3258.txt;Fake;Fake;0.133694;0.133694;53.34;53.34;Acerto
3259.txt;Fake;Fake;0.692533;0.692533;66.65;66.65;Acerto
3260.txt;Fake;Fake;0.0264;0.0264;50.66;50.66;Acerto
3261.txt;Fake;Fake;0.959256;0.959256;72.3;72.3;Acerto
3262.txt;Fake;Fake;1.706648;1.706648;84.64;84.64;Acerto
3263.txt;Fake;Fake;1.757645;1.757645;85.29;85.29;Acerto
3264.txt;Fake;Fake;0.848716;0.848716;70.03;70.03;Acerto
3265.txt;Fake;Fake;0.57248;0.57248;63.93;63.93;Acerto
3266.txt;Fake;Verdadeira;-0.287322;0.287322;42.87;57.13;Erro
3267.txt;Fake;Fake;0.253236;0.253236;56.3;56.3;Acerto
3268.txt;Fake;Verdadeira;-0.086053;0.086053;47.85;52.15;Erro
3269.txt;Fake;Fake;0.000684;0.000684;50.02;50.02;Acerto
3270.txt;Fake;Fake;1.517015;1.517015;82.01;82.01;Acerto
3271.txt;Fake;Fake;0.512954;0.512954;62.55;62.55;Acerto
3272.txt;Fake;Fake;0.199202;0.199202;54.96;54.96;Acerto
3273.txt;Fake;Fake;1.052002;1.052002;74.12;74.12;Acerto
3274.txt;Fake;Fake;1.118277;1.118277;75.37;75.37;Acerto
3275.txt;Fake;Fake;1.241462;1.241462;77.58;77.58;Acerto
3276.txt;Fake;Fake;0.366127;0.366127;59.05;59.05;Acerto
3277.txt;Fake;Fake;0.784756;0.784756;68.67;68.67;Acerto
3278.txt;Fake;Fake;0.93911;0.93911;71.89;71.89;Acerto
3279.txt;Fake;Fake;1.452252;1.452252;81.03;81.03;Acerto
3280.txt;Fake;Fake;1.060395;1.060395;74.28;74.28;Acerto
3281.txt;Fake;Fake;0.577997;0.577997;64.06;64.06;Acerto
3282.txt;Fake;Fake;0.410956;0.410956;60.13;60.13;Acerto
3283.txt;Fake;Fake;0.821675;0.821675;69.46;69.46;Acerto
3284.txt;Fake;Fake;1.01072;1.01072;73.32;73.32;Acerto
3285.txt;Fake;Fake;0.651927;0.651927;65.74;65.74;Acerto
3286.txt;Fake;Fake;0.872343;0.872343;70.52;70.52;Acerto
3287.txt;Fake;Fake;0.654195;0.654195;65.8;65.8;Acerto
3288.txt;Fake;Verdadeira;-0.151088;0.151088;46.23;53.77;Erro
3289.txt;Fake;Fake;0.57314;0.57314;63.95;63.95;Acerto
3290.txt;Fake;Verdadeira;-0.988978;0.988978;27.11;72.89;Erro
3291.txt;Fake;Fake;1.164515;1.164515;76.22;76.22;Acerto
3292.txt;Fake;Fake;1.172706;1.172706;76.36;76.36;Acerto
3293.txt;Fake;Fake;0.689887;0.689887;66.59;66.59;Acerto
3294.txt;Fake;Fake;0.524932;0.524932;62.83;62.83;Acerto
3295.txt;Fake;Fake;0.617959;0.617959;64.98;64.98;Acerto
3296.txt;Fake;Fake;0.650399;0.650399;65.71;65.71;Acerto
3297.txt;Fake;Fake;1.587487;1.587487;83.03;83.03;Acerto
3298.txt;Fake;Fake;0.330578;0.330578;58.19;58.19;Acerto
3299.txt;Fake;Fake;0.969396;0.969396;72.5;72.5;Acerto
3300.txt;Fake;Fake;1.589323;1.589323;83.05;83.05;Acerto
3301.txt;Fake;Verdadeira;-0.069093;0.069093;48.27;51.73;Erro
3302.txt;Fake;Fake;0.761027;0.761027;68.16;68.16;Acerto
3303.txt;Fake;Fake;1.757332;1.757332;85.29;85.29;Acerto
3304.txt;Fake;Fake;1.644879;1.644879;83.82;83.82;Acerto
3305.txt;Fake;Fake;0.758463;0.758463;68.1;68.1;Acerto
3306.txt;Fake;Fake;0.652144;0.652144;65.75;65.75;Acerto
3307.txt;Fake;Verdadeira;-0.005074;0.005074;49.87;50.13;Erro
3308.txt;Fake;Fake;0.311126;0.311126;57.72;57.72;Acerto
3309.txt;Fake;Fake;0.381224;0.381224;59.42;59.42;Acerto
3310.txt;Fake;Fake;1.451967;1.451967;81.03;81.03;Acerto
3311.txt;Fake;Fake;0.028394;0.028394;50.71;50.71;Acerto
3312.txt;Fake;Verdadeira;-0.403388;0.403388;40.05;59.95;Erro
3313.txt;Fake;Fake;0.383962;0.383962;59.48;59.48;Acerto
3314.txt;Fake;Fake;0.821399;0.821399;69.45;69.45;Acerto
3315.txt;Fake;Fake;1.346833;1.346833;79.36;79.36;Acerto
3316.txt;Fake;Fake;0.298588;0.298588;57.41;57.41;Acerto
3317.txt;Fake;Fake;0.312123;0.312123;57.74;57.74;Acerto
3318.txt;Fake;Fake;1.180318;1.180318;76.5;76.5;Acerto
3319.txt;Fake;Fake;0.430984;0.430984;60.61;60.61;Acerto
3320.txt;Fake;Fake;1.266821;1.266821;78.02;78.02;Acerto
3321.txt;Fake;Fake;0.846204;0.846204;69.98;69.98;Acerto
3322.txt;Fake;Fake;1.544995;1.544995;82.42;82.42;Acerto
3323.txt;Fake;Fake;0.538695;0.538695;63.15;63.15;Acerto
3324.txt;Fake;Fake;0.421558;0.421558;60.39;60.39;Acerto
3325.txt;Fake;Fake;0.81626;0.81626;69.34;69.34;Acerto
3326.txt;Fake;Fake;1.074033;1.074033;74.54;74.54;Acerto
3327.txt;Fake;Fake;0.015651;0.015651;50.39;50.39;Acerto
3328.txt;Fake;Fake;1.729203;1.729203;84.93;84.93;Acerto
3329.txt;Fake;Fake;0.354809;0.354809;58.78;58.78;Acerto
3330.txt;Fake;Fake;0.026924;0.026924;50.67;50.67;Acerto
3331.txt;Fake;Fake;0.783805;0.783805;68.65;68.65;Acerto
3332.txt;Fake;Fake;0.434263;0.434263;60.69;60.69;Acerto
3333.txt;Fake;Fake;1.056707;1.056707;74.21;74.21;Acerto
3334.txt;Fake;Fake;1.710406;1.710406;84.69;84.69;Acerto
3335.txt;Fake;Fake;0.259564;0.259564;56.45;56.45;Acerto
3336.txt;Fake;Fake;1.395889;1.395889;80.15;80.15;Acerto
3337.txt;Fake;Verdadeira;-0.012407;0.012407;49.69;50.31;Erro
3338.txt;Fake;Fake;0.492488;0.492488;62.07;62.07;Acerto
3339.txt;Fake;Fake;0.212496;0.212496;55.29;55.29;Acerto
3340.txt;Fake;Fake;0.687931;0.687931;66.55;66.55;Acerto
3341.txt;Fake;Fake;0.660663;0.660663;65.94;65.94;Acerto
3342.txt;Fake;Fake;0.500112;0.500112;62.25;62.25;Acerto
3343.txt;Fake;Fake;1.139638;1.139638;75.76;75.76;Acerto
3344.txt;Fake;Fake;0.504185;0.504185;62.34;62.34;Acerto
3345.txt;Fake;Verdadeira;-0.528281;0.528281;37.09;62.91;Erro
3346.txt;Fake;Fake;0.78147;0.78147;68.6;68.6;Acerto
3347.txt;Fake;Fake;0.735968;0.735968;67.61;67.61;Acerto
3348.txt;Fake;Fake;0.328735;0.328735;58.15;58.15;Acerto
3349.txt;Fake;Fake;0.471953;0.471953;61.58;61.58;Acerto
3350.txt;Fake;Fake;0.594845;0.594845;64.45;64.45;Acerto
3351.txt;Fake;Verdadeira;-0.214037;0.214037;44.67;55.33;Erro
3352.txt;Fake;Fake;0.064067;0.064067;51.6;51.6;Acerto
3353.txt;Fake;Fake;0.952549;0.952549;72.16;72.16;Acerto
3354.txt;Fake;Fake;1.524017;1.524017;82.11;82.11;Acerto
3355.txt;Fake;Fake;0.062426;0.062426;51.56;51.56;Acerto
3356.txt;Fake;Fake;0.1238;0.1238;53.09;53.09;Acerto
3357.txt;Fake;Fake;1.538542;1.538542;82.33;82.33;Acerto
3358.txt;Fake;Verdadeira;-1.38642;1.38642;20.0;80.0;Erro
3359.txt;Fake;Fake;0.571313;0.571313;63.91;63.91;Acerto
3360.txt;Fake;Fake;1.228116;1.228116;77.35;77.35;Acerto
3361.txt;Fake;Fake;0.586801;0.586801;64.26;64.26;Acerto
3362.txt;Fake;Fake;0.950655;0.950655;72.12;72.12;Acerto
3363.txt;Fake;Fake;1.114754;1.114754;75.3;75.3;Acerto
3364.txt;Fake;Fake;1.787209;1.787209;85.66;85.66;Acerto
3365.txt;Fake;Fake;1.029474;1.029474;73.68;73.68;Acerto
3366.txt;Fake;Fake;1.454291;1.454291;81.07;81.07;Acerto
3367.txt;Fake;Fake;0.30625;0.30625;57.6;57.6;Acerto
3368.txt;Fake;Fake;0.432215;0.432215;60.64;60.64;Acerto
3369.txt;Fake;Fake;0.068767;0.068767;51.72;51.72;Acerto
3370.txt;Fake;Fake;0.55002;0.55002;63.41;63.41;Acerto
3371.txt;Fake;Fake;0.232935;0.232935;55.8;55.8;Acerto
3372.txt;Fake;Fake;1.100761;1.100761;75.04;75.04;Acerto
3373.txt;Fake;Fake;2.10273;2.10273;89.12;89.12;Acerto
3374.txt;Fake;Fake;0.738865;0.738865;67.67;67.67;Acerto
3375.txt;Fake;Fake;0.936266;0.936266;71.83;71.83;Acerto
3376.txt;Fake;Fake;0.401137;0.401137;59.9;59.9;Acerto
3377.txt;Fake;Fake;0.57676;0.57676;64.03;64.03;Acerto
3378.txt;Fake;Fake;0.88578;0.88578;70.8;70.8;Acerto
3379.txt;Fake;Fake;1.976675;1.976675;87.83;87.83;Acerto
3380.txt;Fake;Fake;0.828604;0.828604;69.61;69.61;Acerto
3381.txt;Fake;Verdadeira;-0.422029;0.422029;39.6;60.4;Erro
3382.txt;Fake;Fake;1.772054;1.772054;85.47;85.47;Acerto
3383.txt;Fake;Fake;1.440071;1.440071;80.85;80.85;Acerto
3384.txt;Fake;Fake;0.903287;0.903287;71.16;71.16;Acerto
3385.txt;Fake;Verdadeira;-0.298147;0.298147;42.6;57.4;Erro
3386.txt;Fake;Fake;2.172296;2.172296;89.77;89.77;Acerto
3387.txt;Fake;Fake;0.755058;0.755058;68.03;68.03;Acerto
3388.txt;Fake;Fake;0.235334;0.235334;55.86;55.86;Acerto
3389.txt;Fake;Fake;1.617661;1.617661;83.45;83.45;Acerto
3390.txt;Fake;Fake;0.971595;0.971595;72.54;72.54;Acerto
3391.txt;Fake;Verdadeira;-0.824525;0.824525;30.48;69.52;Erro
3392.txt;Fake;Fake;0.975105;0.975105;72.61;72.61;Acerto
3393.txt;Fake;Fake;0.978014;0.978014;72.67;72.67;Acerto
3394.txt;Fake;Fake;0.962852;0.962852;72.37;72.37;Acerto
3395.txt;Fake;Fake;0.193105;0.193105;54.81;54.81;Acerto
3396.txt;Fake;Fake;0.115693;0.115693;52.89;52.89;Acerto
3397.txt;Fake;Fake;0.599009;0.599009;64.54;64.54;Acerto
3398.txt;Fake;Fake;0.065073;0.065073;51.63;51.63;Acerto
3399.txt;Fake;Fake;1.065327;1.065327;74.37;74.37;Acerto
3400.txt;Fake;Fake;1.558819;1.558819;82.62;82.62;Acerto
3401.txt;Fake;Fake;0.173094;0.173094;54.32;54.32;Acerto
3402.txt;Fake;Fake;0.667146;0.667146;66.09;66.09;Acerto
3403.txt;Fake;Fake;0.737744;0.737744;67.65;67.65;Acerto
3404.txt;Fake;Fake;0.425174;0.425174;60.47;60.47;Acerto
3405.txt;Fake;Fake;0.648843;0.648843;65.67;65.67;Acerto
3406.txt;Fake;Fake;1.142597;1.142597;75.82;75.82;Acerto
3407.txt;Fake;Fake;0.601726;0.601726;64.61;64.61;Acerto
3408.txt;Fake;Fake;1.86424;1.86424;86.58;86.58;Acerto
3409.txt;Fake;Fake;1.886916;1.886916;86.84;86.84;Acerto
3410.txt;Fake;Fake;0.225901;0.225901;55.62;55.62;Acerto
3411.txt;Fake;Fake;1.558051;1.558051;82.61;82.61;Acerto
3412.txt;Fake;Fake;2.397075;2.397075;91.66;91.66;Acerto
3413.txt;Fake;Fake;1.354985;1.354985;79.49;79.49;Acerto
3414.txt;Fake;Verdadeira;-1.150355;1.150355;24.04;75.96;Erro
3415.txt;Fake;Fake;1.281838;1.281838;78.28;78.28;Acerto
3416.txt;Fake;Fake;0.351659;0.351659;58.7;58.7;Acerto
3417.txt;Fake;Fake;0.025653;0.025653;50.64;50.64;Acerto
3418.txt;Fake;Fake;0.93748;0.93748;71.86;71.86;Acerto
3419.txt;Fake;Fake;0.341288;0.341288;58.45;58.45;Acerto
3420.txt;Fake;Fake;0.76306;0.76306;68.2;68.2;Acerto
3421.txt;Fake;Fake;0.571845;0.571845;63.92;63.92;Acerto
3422.txt;Fake;Fake;0.932086;0.932086;71.75;71.75;Acerto
3423.txt;Fake;Fake;1.024079;1.024079;73.58;73.58;Acerto
3424.txt;Fake;Fake;0.732695;0.732695;67.54;67.54;Acerto
3425.txt;Fake;Fake;0.187906;0.187906;54.68;54.68;Acerto
3426.txt;Fake;Fake;1.467974;1.467974;81.27;81.27;Acerto
3427.txt;Fake;Verdadeira;-0.402387;0.402387;40.07;59.93;Erro
3428.txt;Fake;Fake;0.108621;0.108621;52.71;52.71;Acerto
3429.txt;Fake;Fake;0.461938;0.461938;61.35;61.35;Acerto
3430.txt;Fake;Fake;0.347336;0.347336;58.6;58.6;Acerto
3431.txt;Fake;Verdadeira;-1.092394;1.092394;25.12;74.88;Erro
3432.txt;Fake;Fake;0.987076;0.987076;72.85;72.85;Acerto
3433.txt;Fake;Fake;1.902829;1.902829;87.02;87.02;Acerto
3434.txt;Fake;Fake;0.762778;0.762778;68.2;68.2;Acerto
3435.txt;Fake;Fake;1.728526;1.728526;84.92;84.92;Acerto
3436.txt;Fake;Fake;0.501838;0.501838;62.29;62.29;Acerto
3437.txt;Fake;Fake;0.604211;0.604211;64.66;64.66;Acerto
3438.txt;Fake;Fake;0.270008;0.270008;56.71;56.71;Acerto
3439.txt;Fake;Fake;1.689475;1.689475;84.42;84.42;Acerto
3440.txt;Fake;Fake;0.493557;0.493557;62.09;62.09;Acerto
3441.txt;Fake;Fake;0.399425;0.399425;59.85;59.85;Acerto
3442.txt;Fake;Verdadeira;-0.128462;0.128462;46.79;53.21;Erro
3443.txt;Fake;Fake;2.38398;2.38398;91.56;91.56;Acerto
3444.txt;Fake;Fake;0.177495;0.177495;54.43;54.43;Acerto
3445.txt;Fake;Fake;0.923923;0.923923;71.58;71.58;Acerto
3446.txt;Fake;Fake;1.295402;1.295402;78.51;78.51;Acerto
3447.txt;Fake;Fake;0.131438;0.131438;53.28;53.28;Acerto
3448.txt;Fake;Fake;1.391244;1.391244;80.08;80.08;Acerto
3449.txt;Fake;Fake;0.992106;0.992106;72.95;72.95;Acerto
3450.txt;Fake;Fake;0.411444;0.411444;60.14;60.14;Acerto
3451.txt;Fake;Fake;1.53942;1.53942;82.34;82.34;Acerto
3452.txt;Fake;Fake;0.300639;0.300639;57.46;57.46;Acerto
3453.txt;Fake;Fake;1.50531;1.50531;81.84;81.84;Acerto
3454.txt;Fake;Fake;2.129254;2.129254;89.37;89.37;Acerto
3455.txt;Fake;Fake;0.572379;0.572379;63.93;63.93;Acerto
3456.txt;Fake;Fake;1.306027;1.306027;78.68;78.68;Acerto
3457.txt;Fake;Fake;0.313232;0.313232;57.77;57.77;Acerto
3458.txt;Fake;Fake;1.571912;1.571912;82.81;82.81;Acerto
3459.txt;Fake;Fake;1.126077;1.126077;75.51;75.51;Acerto
3460.txt;Fake;Fake;0.978119;0.978119;72.67;72.67;Acerto
3461.txt;Fake;Fake;1.735414;1.735414;85.01;85.01;Acerto
3462.txt;Fake;Fake;2.216245;2.216245;90.17;90.17;Acerto
3463.txt;Fake;Fake;1.756823;1.756823;85.28;85.28;Acerto
3464.txt;Fake;Fake;0.621593;0.621593;65.06;65.06;Acerto
3465.txt;Fake;Fake;0.798263;0.798263;68.96;68.96;Acerto
3466.txt;Fake;Fake;0.302587;0.302587;57.51;57.51;Acerto
3467.txt;Fake;Fake;0.299428;0.299428;57.43;57.43;Acerto
3468.txt;Fake;Fake;0.203049;0.203049;55.06;55.06;Acerto
3469.txt;Fake;Fake;0.061971;0.061971;51.55;51.55;Acerto
3470.txt;Fake;Fake;0.149449;0.149449;53.73;53.73;Acerto
3471.txt;Fake;Fake;0.250738;0.250738;56.24;56.24;Acerto
3472.txt;Fake;Fake;1.263067;1.263067;77.96;77.96;Acerto
3473.txt;Fake;Fake;0.485327;0.485327;61.9;61.9;Acerto
3474.txt;Fake;Fake;0.623443;0.623443;65.1;65.1;Acerto
3475.txt;Fake;Fake;1.060811;1.060811;74.28;74.28;Acerto
3476.txt;Fake;Fake;1.488294;1.488294;81.58;81.58;Acerto
3477.txt;Fake;Fake;0.947401;0.947401;72.06;72.06;Acerto
3478.txt;Fake;Fake;1.0614;1.0614;74.3;74.3;Acerto
3479.txt;Fake;Fake;0.223229;0.223229;55.56;55.56;Acerto
3480.txt;Fake;Fake;0.764421;0.764421;68.23;68.23;Acerto
3481.txt;Fake;Fake;0.872754;0.872754;70.53;70.53;Acerto
3482.txt;Fake;Verdadeira;-0.036713;0.036713;49.08;50.92;Erro
3483.txt;Fake;Fake;0.201386;0.201386;55.02;55.02;Acerto
3484.txt;Fake;Fake;1.135511;1.135511;75.69;75.69;Acerto
3485.txt;Fake;Fake;0.6274;0.6274;65.19;65.19;Acerto
3486.txt;Fake;Fake;0.906365;0.906365;71.23;71.23;Acerto
3487.txt;Fake;Fake;0.968713;0.968713;72.49;72.49;Acerto
3488.txt;Fake;Fake;1.418259;1.418259;80.51;80.51;Acerto
3489.txt;Fake;Fake;1.379191;1.379191;79.89;79.89;Acerto
3490.txt;Fake;Fake;0.468786;0.468786;61.51;61.51;Acerto
3491.txt;Fake;Fake;1.280043;1.280043;78.25;78.25;Acerto
3492.txt;Fake;Fake;0.133408;0.133408;53.33;53.33;Acerto
3493.txt;Fake;Fake;1.381261;1.381261;79.92;79.92;Acerto
3494.txt;Fake;Fake;0.240438;0.240438;55.98;55.98;Acerto
3495.txt;Fake;Fake;1.468672;1.468672;81.29;81.29;Acerto
3496.txt;Fake;Verdadeira;-0.160219;0.160219;46.0;54.0;Erro
3497.txt;Fake;Fake;1.425715;1.425715;80.62;80.62;Acerto
3498.txt;Fake;Fake;0.006778;0.006778;50.17;50.17;Acerto
3499.txt;Fake;Fake;1.56531;1.56531;82.71;82.71;Acerto
3500.txt;Fake;Verdadeira;-0.464255;0.464255;38.6;61.4;Erro
3501.txt;Fake;Fake;1.200585;1.200585;76.86;76.86;Acerto
3502.txt;Fake;Fake;0.499432;0.499432;62.23;62.23;Acerto
3503.txt;Fake;Fake;0.48477;0.48477;61.89;61.89;Acerto
3504.txt;Fake;Fake;0.875631;0.875631;70.59;70.59;Acerto
3505.txt;Fake;Fake;0.530898;0.530898;62.97;62.97;Acerto
3506.txt;Fake;Fake;0.342543;0.342543;58.48;58.48;Acerto
3507.txt;Fake;Fake;0.887369;0.887369;70.83;70.83;Acerto
3508.txt;Fake;Fake;0.034387;0.034387;50.86;50.86;Acerto
3509.txt;Fake;Fake;1.418164;1.418164;80.51;80.51;Acerto
3510.txt;Fake;Fake;0.820355;0.820355;69.43;69.43;Acerto
3511.txt;Fake;Fake;1.27444;1.27444;78.15;78.15;Acerto
3512.txt;Fake;Verdadeira;-0.140041;0.140041;46.5;53.5;Erro
3513.txt;Fake;Fake;1.912825;1.912825;87.13;87.13;Acerto
3514.txt;Fake;Verdadeira;-0.535376;0.535376;36.93;63.07;Erro
3515.txt;Fake;Fake;1.030395;1.030395;73.7;73.7;Acerto
3516.txt;Fake;Fake;1.530832;1.530832;82.21;82.21;Acerto
3517.txt;Fake;Fake;1.691928;1.691928;84.45;84.45;Acerto
3518.txt;Fake;Fake;1.471229;1.471229;81.32;81.32;Acerto
3519.txt;Fake;Fake;0.122201;0.122201;53.05;53.05;Acerto
3520.txt;Fake;Verdadeira;-0.17215;0.17215;45.71;54.29;Erro
3521.txt;Fake;Fake;1.683519;1.683519;84.34;84.34;Acerto
3522.txt;Fake;Fake;1.981318;1.981318;87.88;87.88;Acerto
3523.txt;Fake;Verdadeira;-0.886955;0.886955;29.17;70.83;Erro
3524.txt;Fake;Fake;0.526333;0.526333;62.86;62.86;Acerto
3525.txt;Fake;Fake;0.18396;0.18396;54.59;54.59;Acerto
3526.txt;Fake;Fake;0.144292;0.144292;53.6;53.6;Acerto
3527.txt;Fake;Fake;0.435662;0.435662;60.72;60.72;Acerto
3528.txt;Fake;Fake;0.348999;0.348999;58.64;58.64;Acerto
3529.txt;Fake;Fake;0.017956;0.017956;50.45;50.45;Acerto
3530.txt;Fake;Fake;0.226155;0.226155;55.63;55.63;Acerto
3531.txt;Fake;Fake;0.036356;0.036356;50.91;50.91;Acerto
3532.txt;Fake;Fake;0.625205;0.625205;65.14;65.14;Acerto
3533.txt;Fake;Fake;0.416437;0.416437;60.26;60.26;Acerto
3534.txt;Fake;Fake;2.060322;2.060322;88.7;88.7;Acerto
3535.txt;Fake;Fake;0.551647;0.551647;63.45;63.45;Acerto
3536.txt;Fake;Fake;0.525745;0.525745;62.85;62.85;Acerto
3537.txt;Fake;Fake;1.284098;1.284098;78.31;78.31;Acerto
3538.txt;Fake;Fake;1.341752;1.341752;79.28;79.28;Acerto
3539.txt;Fake;Fake;2.013293;2.013293;88.22;88.22;Acerto
3540.txt;Fake;Verdadeira;-0.003098;0.003098;49.92;50.08;Erro
3541.txt;Fake;Fake;0.628855;0.628855;65.22;65.22;Acerto
3542.txt;Fake;Fake;0.118108;0.118108;52.95;52.95;Acerto
3543.txt;Fake;Verdadeira;-0.244372;0.244372;43.92;56.08;Erro
3544.txt;Fake;Fake;0.153492;0.153492;53.83;53.83;Acerto
3545.txt;Fake;Fake;1.177752;1.177752;76.45;76.45;Acerto
3546.txt;Fake;Fake;1.287265;1.287265;78.37;78.37;Acerto
3547.txt;Fake;Fake;0.005993;0.005993;50.15;50.15;Acerto
3548.txt;Fake;Fake;0.329587;0.329587;58.17;58.17;Acerto
3549.txt;Fake;Fake;0.921422;0.921422;71.53;71.53;Acerto
3550.txt;Fake;Fake;1.03126;1.03126;73.72;73.72;Acerto
3551.txt;Fake;Fake;0.308843;0.308843;57.66;57.66;Acerto
3552.txt;Fake;Fake;0.175708;0.175708;54.38;54.38;Acerto
3553.txt;Fake;Fake;0.586827;0.586827;64.26;64.26;Acerto
3554.txt;Fake;Fake;1.14793;1.14793;75.91;75.91;Acerto
3555.txt;Fake;Fake;0.325389;0.325389;58.06;58.06;Acerto
3556.txt;Fake;Fake;1.108189;1.108189;75.18;75.18;Acerto
3557.txt;Fake;Fake;0.652579;0.652579;65.76;65.76;Acerto
3558.txt;Fake;Fake;0.657597;0.657597;65.87;65.87;Acerto
3559.txt;Fake;Fake;1.085552;1.085552;74.75;74.75;Acerto
3560.txt;Fake;Fake;1.477962;1.477962;81.43;81.43;Acerto
3561.txt;Fake;Fake;0.911204;0.911204;71.32;71.32;Acerto
3562.txt;Fake;Fake;0.440534;0.440534;60.84;60.84;Acerto
3563.txt;Fake;Verdadeira;-0.168326;0.168326;45.8;54.2;Erro
3564.txt;Fake;Fake;0.204209;0.204209;55.09;55.09;Acerto
3565.txt;Fake;Fake;1.818494;1.818494;86.04;86.04;Acerto
3566.txt;Fake;Fake;1.000467;1.000467;73.12;73.12;Acerto
3567.txt;Fake;Fake;0.268332;0.268332;56.67;56.67;Acerto
3568.txt;Fake;Fake;1.382951;1.382951;79.95;79.95;Acerto
3569.txt;Fake;Fake;0.517211;0.517211;62.65;62.65;Acerto
3570.txt;Fake;Verdadeira;-0.391876;0.391876;40.33;59.67;Erro
3571.txt;Fake;Verdadeira;-0.024132;0.024132;49.4;50.6;Erro
3572.txt;Fake;Fake;0.864926;0.864926;70.37;70.37;Acerto
3573.txt;Fake;Fake;2.121152;2.121152;89.29;89.29;Acerto
3574.txt;Fake;Fake;1.294098;1.294098;78.48;78.48;Acerto
3575.txt;Fake;Fake;0.848358;0.848358;70.02;70.02;Acerto
3576.txt;Fake;Fake;1.329366;1.329366;79.07;79.07;Acerto
3577.txt;Fake;Fake;0.910122;0.910122;71.3;71.3;Acerto
3578.txt;Fake;Fake;1.643059;1.643059;83.8;83.8;Acerto
3579.txt;Fake;Fake;0.710213;0.710213;67.04;67.04;Acerto
3580.txt;Fake;Fake;1.336192;1.336192;79.19;79.19;Acerto
3581.txt;Fake;Fake;2.002598;2.002598;88.11;88.11;Acerto
3582.txt;Fake;Verdadeira;-0.017873;0.017873;49.55;50.45;Erro
3583.txt;Fake;Fake;0.205461;0.205461;55.12;55.12;Acerto
3584.txt;Fake;Fake;1.417748;1.417748;80.5;80.5;Acerto
3585.txt;Fake;Fake;0.964969;0.964969;72.41;72.41;Acerto
3586.txt;Fake;Fake;0.562576;0.562576;63.7;63.7;Acerto
3587.txt;Fake;Verdadeira;-0.053667;0.053667;48.66;51.34;Erro
3588.txt;Fake;Fake;0.95019;0.95019;72.12;72.12;Acerto
3589.txt;Fake;Fake;0.49596;0.49596;62.15;62.15;Acerto
3590.txt;Fake;Fake;0.302872;0.302872;57.51;57.51;Acerto
3591.txt;Fake;Fake;0.610646;0.610646;64.81;64.81;Acerto
3592.txt;Fake;Fake;0.752402;0.752402;67.97;67.97;Acerto
3593.txt;Fake;Fake;1.307414;1.307414;78.71;78.71;Acerto
3594.txt;Fake;Fake;0.87773;0.87773;70.64;70.64;Acerto
3595.txt;Fake;Verdadeira;-1.192227;1.192227;23.29;76.71;Erro
3596.txt;Fake;Fake;0.622023;0.622023;65.07;65.07;Acerto
3597.txt;Fake;Verdadeira;-0.180127;0.180127;45.51;54.49;Erro
3598.txt;Fake;Fake;0.19996;0.19996;54.98;54.98;Acerto
3599.txt;Fake;Fake;0.48684;0.48684;61.94;61.94;Acerto
3600.txt;Fake;Fake;1.537845;1.537845;82.32;82.32;Acerto
3601.txt;Fake;Fake;1.204904;1.204904;76.94;76.94;Acerto
3602.txt;Fake;Verdadeira;-0.050071;0.050071;48.75;51.25;Erro
3061.txt;Verdadeira;Verdadeira;-1.462735;1.462735;18.8;81.2;Acerto
3062.txt;Verdadeira;Verdadeira;-0.763315;0.763315;31.79;68.21;Acerto
3063.txt;Verdadeira;Verdadeira;-1.460057;1.460057;18.85;81.15;Acerto
3064.txt;Verdadeira;Verdadeira;-1.550895;1.550895;17.5;82.5;Acerto
3065.txt;Verdadeira;Verdadeira;-0.613554;0.613554;35.12;64.88;Acerto
3066.txt;Verdadeira;Verdadeira;-1.876096;1.876096;13.28;86.72;Acerto
3067.txt;Verdadeira;Verdadeira;-0.52685;0.52685;37.13;62.87;Acerto
3068.txt;Verdadeira;Verdadeira;-0.837093;0.837093;30.21;69.79;Acerto
3069.txt;Verdadeira;Verdadeira;-1.86213;1.86213;13.45;86.55;Acerto
3070.txt;Verdadeira;Verdadeira;-1.044258;1.044258;26.03;73.97;Acerto
3071.txt;Verdadeira;Verdadeira;-0.096923;0.096923;47.58;52.42;Acerto
3072.txt;Verdadeira;Verdadeira;-1.98407;1.98407;12.09;87.91;Acerto
3073.txt;Verdadeira;Verdadeira;-0.591606;0.591606;35.63;64.37;Acerto
3074.txt;Verdadeira;Verdadeira;-1.279111;1.279111;21.77;78.23;Acerto
3075.txt;Verdadeira;Verdadeira;-0.639259;0.639259;34.54;65.46;Acerto
3076.txt;Verdadeira;Verdadeira;-1.322643;1.322643;21.04;78.96;Acerto
3077.txt;Verdadeira;Verdadeira;-0.911765;0.911765;28.66;71.34;Acerto
3078.txt;Verdadeira;Verdadeira;-0.902176;0.902176;28.86;71.14;Acerto
3079.txt;Verdadeira;Verdadeira;-1.528242;1.528242;17.83;82.17;Acerto
3080.txt;Verdadeira;Verdadeira;-2.820926;2.820926;5.62;94.38;Acerto
3081.txt;Verdadeira;Verdadeira;-0.654999;0.654999;34.19;65.81;Acerto
3082.txt;Verdadeira;Verdadeira;-1.26794;1.26794;21.96;78.04;Acerto
3083.txt;Verdadeira;Verdadeira;-0.592708;0.592708;35.6;64.4;Acerto
3084.txt;Verdadeira;Verdadeira;-1.47576;1.47576;18.61;81.39;Acerto
3085.txt;Verdadeira;Verdadeira;-1.583268;1.583268;17.03;82.97;Acerto
3086.txt;Verdadeira;Verdadeira;-0.57729;0.57729;35.96;64.04;Acerto
3087.txt;Verdadeira;Verdadeira;-0.8776;0.8776;29.37;70.63;Acerto
3088.txt;Verdadeira;Verdadeira;-1.80455;1.80455;14.13;85.87;Acerto
3089.txt;Verdadeira;Verdadeira;-1.333658;1.333658;20.86;79.14;Acerto
3090.txt;Verdadeira;Verdadeira;-0.955826;0.955826;27.77;72.23;Acerto
3091.txt;Verdadeira;Verdadeira;-0.644149;0.644149;34.43;65.57;Acerto
3092.txt;Verdadeira;Verdadeira;-1.835732;1.835732;13.76;86.24;Acerto
3093.txt;Verdadeira;Verdadeira;-1.13318;1.13318;24.36;75.64;Acerto
3094.txt;Verdadeira;Verdadeira;-1.677614;1.677614;15.74;84.26;Acerto
3095.txt;Verdadeira;Verdadeira;-0.558245;0.558245;36.4;63.6;Acerto
3096.txt;Verdadeira;Verdadeira;-0.713366;0.713366;32.89;67.11;Acerto
3097.txt;Verdadeira;Verdadeira;-1.443523;1.443523;19.1;80.9;Acerto
3098.txt;Verdadeira;Verdadeira;-0.993082;0.993082;27.03;72.97;Acerto
3099.txt;Verdadeira;Verdadeira;-1.033059;1.033059;26.25;73.75;Acerto
3100.txt;Verdadeira;Verdadeira;-1.434671;1.434671;19.24;80.76;Acerto
3101.txt;Verdadeira;Verdadeira;-0.893115;0.893115;29.05;70.95;Acerto
3102.txt;Verdadeira;Fake;0.051352;0.051352;51.28;51.28;Erro
3103.txt;Verdadeira;Verdadeira;-1.202897;1.202897;23.1;76.9;Acerto
3104.txt;Verdadeira;Verdadeira;-0.898835;0.898835;28.93;71.07;Acerto
3105.txt;Verdadeira;Fake;0.098118;0.098118;52.45;52.45;Erro
3106.txt;Verdadeira;Verdadeira;-0.408281;0.408281;39.93;60.07;Acerto
3107.txt;Verdadeira;Verdadeira;-1.610574;1.610574;16.65;83.35;Acerto
3108.txt;Verdadeira;Verdadeira;-0.681275;0.681275;33.6;66.4;Acerto
3109.txt;Verdadeira;Verdadeira;-2.122582;2.122582;10.69;89.31;Acerto
3110.txt;Verdadeira;Verdadeira;-1.705981;1.705981;15.37;84.63;Acerto
3111.txt;Verdadeira;Verdadeira;-0.754542;0.754542;31.98;68.02;Acerto
3112.txt;Verdadeira;Verdadeira;-0.869911;0.869911;29.53;70.47;Acerto
3113.txt;Verdadeira;Verdadeira;-0.394317;0.394317;40.27;59.73;Acerto
3114.txt;Verdadeira;Verdadeira;-0.688316;0.688316;33.44;66.56;Acerto
3115.txt;Verdadeira;Verdadeira;-0.575551;0.575551;36.0;64.0;Acerto
3116.txt;Verdadeira;Verdadeira;-1.213642;1.213642;22.91;77.09;Acerto
3117.txt;Verdadeira;Verdadeira;-0.948033;0.948033;27.93;72.07;Acerto
3118.txt;Verdadeira;Verdadeira;-2.354809;2.354809;8.67;91.33;Acerto
3119.txt;Verdadeira;Verdadeira;-1.226817;1.226817;22.67;77.33;Acerto
3120.txt;Verdadeira;Verdadeira;-0.841682;0.841682;30.12;69.88;Acerto
3121.txt;Verdadeira;Verdadeira;-0.002708;0.002708;49.93;50.07;Acerto
3122.txt;Verdadeira;Verdadeira;-1.125907;1.125907;24.49;75.51;Acerto
3123.txt;Verdadeira;Verdadeira;-1.049612;1.049612;25.93;74.07;Acerto
3124.txt;Verdadeira;Verdadeira;-1.872228;1.872228;13.33;86.67;Acerto
3125.txt;Verdadeira;Verdadeira;-1.072244;1.072244;25.5;74.5;Acerto
3126.txt;Verdadeira;Verdadeira;-1.561747;1.561747;17.34;82.66;Acerto
3127.txt;Verdadeira;Verdadeira;-2.340196;2.340196;8.78;91.22;Acerto
3128.txt;Verdadeira;Verdadeira;-1.43513;1.43513;19.23;80.77;Acerto
3129.txt;Verdadeira;Verdadeira;-2.892479;2.892479;5.25;94.75;Acerto
3130.txt;Verdadeira;Verdadeira;-2.524704;2.524704;7.41;92.59;Acerto
3131.txt;Verdadeira;Verdadeira;-1.29117;1.29117;21.57;78.43;Acerto
3132.txt;Verdadeira;Verdadeira;-0.766481;0.766481;31.72;68.28;Acerto
3133.txt;Verdadeira;Verdadeira;-1.090382;1.090382;25.15;74.85;Acerto
3134.txt;Verdadeira;Verdadeira;-0.932473;0.932473;28.24;71.76;Acerto
3135.txt;Verdadeira;Verdadeira;-1.476893;1.476893;18.59;81.41;Acerto
3136.txt;Verdadeira;Verdadeira;-0.902682;0.902682;28.85;71.15;Acerto
3137.txt;Verdadeira;Verdadeira;-1.13402;1.13402;24.34;75.66;Acerto
3138.txt;Verdadeira;Verdadeira;-1.492232;1.492232;18.36;81.64;Acerto
3139.txt;Verdadeira;Verdadeira;-0.896067;0.896067;28.99;71.01;Acerto
3140.txt;Verdadeira;Verdadeira;-0.941691;0.941691;28.06;71.94;Acerto
3141.txt;Verdadeira;Verdadeira;-0.552682;0.552682;36.52;63.48;Acerto
3142.txt;Verdadeira;Verdadeira;-1.283149;1.283149;21.7;78.3;Acerto
3143.txt;Verdadeira;Verdadeira;-1.215161;1.215161;22.88;77.12;Acerto
3144.txt;Verdadeira;Verdadeira;-2.466362;2.466362;7.83;92.17;Acerto
3145.txt;Verdadeira;Verdadeira;-1.816673;1.816673;13.98;86.02;Acerto
3146.txt;Verdadeira;Verdadeira;-1.091579;1.091579;25.13;74.87;Acerto
3147.txt;Verdadeira;Verdadeira;-1.037539;1.037539;26.16;73.84;Acerto
3148.txt;Verdadeira;Verdadeira;-0.775844;0.775844;31.52;68.48;Acerto
3149.txt;Verdadeira;Verdadeira;-1.802275;1.802275;14.16;85.84;Acerto
3150.txt;Verdadeira;Verdadeira;-1.864037;1.864037;13.42;86.58;Acerto
3151.txt;Verdadeira;Verdadeira;-1.669791;1.669791;15.85;84.15;Acerto
3152.txt;Verdadeira;Verdadeira;-2.017551;2.017551;11.74;88.26;Acerto
3153.txt;Verdadeira;Verdadeira;-1.106545;1.106545;24.85;75.15;Acerto
3154.txt;Verdadeira;Verdadeira;-0.889904;0.889904;29.11;70.89;Acerto
3155.txt;Verdadeira;Verdadeira;-1.534157;1.534157;17.74;82.26;Acerto
3156.txt;Verdadeira;Verdadeira;-1.703917;1.703917;15.4;84.6;Acerto
3157.txt;Verdadeira;Verdadeira;-1.792271;1.792271;14.28;85.72;Acerto
3158.txt;Verdadeira;Verdadeira;-1.341504;1.341504;20.73;79.27;Acerto
3159.txt;Verdadeira;Verdadeira;-1.5982;1.5982;16.82;83.18;Acerto
3160.txt;Verdadeira;Verdadeira;-2.782852;2.782852;5.83;94.17;Acerto
3161.txt;Verdadeira;Verdadeira;-1.945258;1.945258;12.51;87.49;Acerto
3162.txt;Verdadeira;Verdadeira;-0.50431;0.50431;37.65;62.35;Acerto
3163.txt;Verdadeira;Verdadeira;-0.91469;0.91469;28.6;71.4;Acerto
3164.txt;Verdadeira;Verdadeira;-1.720398;1.720398;15.18;84.82;Acerto
3165.txt;Verdadeira;Verdadeira;-1.328315;1.328315;20.94;79.06;Acerto
3166.txt;Verdadeira;Verdadeira;-1.317605;1.317605;21.12;78.88;Acerto
3167.txt;Verdadeira;Verdadeira;-1.059388;1.059388;25.74;74.26;Acerto
3168.txt;Verdadeira;Verdadeira;-1.304675;1.304675;21.34;78.66;Acerto
3169.txt;Verdadeira;Verdadeira;-1.529126;1.529126;17.81;82.19;Acerto
3170.txt;Verdadeira;Verdadeira;-1.432724;1.432724;19.27;80.73;Acerto
3171.txt;Verdadeira;Verdadeira;-2.499759;2.499759;7.59;92.41;Acerto
3172.txt;Verdadeira;Verdadeira;-0.894684;0.894684;29.01;70.99;Acerto
3173.txt;Verdadeira;Verdadeira;-2.142301;2.142301;10.51;89.49;Acerto
3174.txt;Verdadeira;Verdadeira;-0.95474;0.95474;27.79;72.21;Acerto
3175.txt;Verdadeira;Verdadeira;-1.51166;1.51166;18.07;81.93;Acerto
3176.txt;Verdadeira;Verdadeira;-2.187745;2.187745;10.09;89.91;Acerto
3177.txt;Verdadeira;Verdadeira;-0.945705;0.945705;27.97;72.03;Acerto
3178.txt;Verdadeira;Verdadeira;-1.863532;1.863532;13.43;86.57;Acerto
3179.txt;Verdadeira;Verdadeira;-1.479422;1.479422;18.55;81.45;Acerto
3180.txt;Verdadeira;Verdadeira;-0.882517;0.882517;29.27;70.73;Acerto
3181.txt;Verdadeira;Verdadeira;-1.78336;1.78336;14.39;85.61;Acerto
3182.txt;Verdadeira;Verdadeira;-1.511313;1.511313;18.07;81.93;Acerto
3183.txt;Verdadeira;Verdadeira;-0.348501;0.348501;41.37;58.63;Acerto
3184.txt;Verdadeira;Verdadeira;-1.178332;1.178332;23.54;76.46;Acerto
3185.txt;Verdadeira;Verdadeira;-0.83609;0.83609;30.24;69.76;Acerto
3186.txt;Verdadeira;Verdadeira;-1.33608;1.33608;20.82;79.18;Acerto
3187.txt;Verdadeira;Verdadeira;-2.878813;2.878813;5.32;94.68;Acerto
3188.txt;Verdadeira;Verdadeira;-0.005425;0.005425;49.86;50.14;Acerto
3189.txt;Verdadeira;Verdadeira;-1.4164;1.4164;19.52;80.48;Acerto
3190.txt;Verdadeira;Verdadeira;-1.146108;1.146108;24.12;75.88;Acerto
3191.txt;Verdadeira;Verdadeira;-0.942204;0.942204;28.05;71.95;Acerto
3192.txt;Verdadeira;Verdadeira;-1.11552;1.11552;24.68;75.32;Acerto
3193.txt;Verdadeira;Verdadeira;-0.458769;0.458769;38.73;61.27;Acerto
3194.txt;Verdadeira;Verdadeira;-2.737282;2.737282;6.08;93.92;Acerto
3195.txt;Verdadeira;Verdadeira;-1.156776;1.156776;23.93;76.07;Acerto
3196.txt;Verdadeira;Verdadeira;-0.59066;0.59066;35.65;64.35;Acerto
3197.txt;Verdadeira;Verdadeira;-1.910192;1.910192;12.9;87.1;Acerto
3198.txt;Verdadeira;Verdadeira;-1.450646;1.450646;18.99;81.01;Acerto
3199.txt;Verdadeira;Verdadeira;-1.519729;1.519729;17.95;82.05;Acerto
3200.txt;Verdadeira;Verdadeira;-0.472245;0.472245;38.41;61.59;Acerto
3201.txt;Verdadeira;Verdadeira;-1.883241;1.883241;13.2;86.8;Acerto
3202.txt;Verdadeira;Verdadeira;-0.639517;0.639517;34.54;65.46;Acerto
3203.txt;Verdadeira;Verdadeira;-1.948235;1.948235;12.47;87.53;Acerto
3204.txt;Verdadeira;Verdadeira;-1.552653;1.552653;17.47;82.53;Acerto
3205.txt;Verdadeira;Verdadeira;-1.753326;1.753326;14.76;85.24;Acerto
3206.txt;Verdadeira;Verdadeira;-2.063222;2.063222;11.27;88.73;Acerto
3207.txt;Verdadeira;Verdadeira;-0.229963;0.229963;44.28;55.72;Acerto
3208.txt;Verdadeira;Verdadeira;-1.896729;1.896729;13.05;86.95;Acerto
3209.txt;Verdadeira;Verdadeira;-2.290504;2.290504;9.19;90.81;Acerto
3210.txt;Verdadeira;Verdadeira;-1.055955;1.055955;25.81;74.19;Acerto
3211.txt;Verdadeira;Verdadeira;-1.620412;1.620412;16.51;83.49;Acerto
3212.txt;Verdadeira;Verdadeira;-2.082545;2.082545;11.08;88.92;Acerto
3213.txt;Verdadeira;Verdadeira;-1.031797;1.031797;26.27;73.73;Acerto
3214.txt;Verdadeira;Verdadeira;-1.372779;1.372779;20.22;79.78;Acerto
3215.txt;Verdadeira;Verdadeira;-0.737789;0.737789;32.35;67.65;Acerto
3216.txt;Verdadeira;Verdadeira;-0.679752;0.679752;33.63;66.37;Acerto
3217.txt;Verdadeira;Verdadeira;-2.361713;2.361713;8.61;91.39;Acerto
3218.txt;Verdadeira;Verdadeira;-1.441092;1.441092;19.14;80.86;Acerto
3219.txt;Verdadeira;Verdadeira;-0.521281;0.521281;37.26;62.74;Acerto
3220.txt;Verdadeira;Verdadeira;-2.165059;2.165059;10.29;89.71;Acerto
3221.txt;Verdadeira;Verdadeira;-2.216082;2.216082;9.83;90.17;Acerto
3222.txt;Verdadeira;Verdadeira;-0.719544;0.719544;32.75;67.25;Acerto
3223.txt;Verdadeira;Verdadeira;-1.522639;1.522639;17.91;82.09;Acerto
3224.txt;Verdadeira;Verdadeira;-0.351877;0.351877;41.29;58.71;Acerto
3225.txt;Verdadeira;Verdadeira;-1.480951;1.480951;18.53;81.47;Acerto
3226.txt;Verdadeira;Verdadeira;-1.151623;1.151623;24.02;75.98;Acerto
3227.txt;Verdadeira;Verdadeira;-1.17444;1.17444;23.61;76.39;Acerto
3228.txt;Verdadeira;Verdadeira;-0.004873;0.004873;49.88;50.12;Acerto
3229.txt;Verdadeira;Verdadeira;-2.689703;2.689703;6.36;93.64;Acerto
3230.txt;Verdadeira;Verdadeira;-1.533901;1.533901;17.74;82.26;Acerto
3231.txt;Verdadeira;Verdadeira;-2.913641;2.913641;5.15;94.85;Acerto
3232.txt;Verdadeira;Verdadeira;-1.304696;1.304696;21.34;78.66;Acerto
3233.txt;Verdadeira;Verdadeira;-2.104468;2.104468;10.87;89.13;Acerto
3234.txt;Verdadeira;Verdadeira;-1.19879;1.19879;23.17;76.83;Acerto
3235.txt;Verdadeira;Verdadeira;-1.016968;1.016968;26.56;73.44;Acerto
3236.txt;Verdadeira;Verdadeira;-1.760923;1.760923;14.67;85.33;Acerto
3237.txt;Verdadeira;Verdadeira;-0.472762;0.472762;38.4;61.6;Acerto
3238.txt;Verdadeira;Verdadeira;-1.26669;1.26669;21.98;78.02;Acerto
3239.txt;Verdadeira;Verdadeira;-1.036367;1.036367;26.19;73.81;Acerto
3240.txt;Verdadeira;Fake;0.073458;0.073458;51.84;51.84;Erro
3241.txt;Verdadeira;Verdadeira;-0.927304;0.927304;28.35;71.65;Acerto
3242.txt;Verdadeira;Verdadeira;-1.989215;1.989215;12.03;87.97;Acerto
3243.txt;Verdadeira;Verdadeira;-1.918358;1.918358;12.8;87.2;Acerto
3244.txt;Verdadeira;Verdadeira;-0.425293;0.425293;39.53;60.47;Acerto
3245.txt;Verdadeira;Verdadeira;-1.866237;1.866237;13.4;86.6;Acerto
3246.txt;Verdadeira;Verdadeira;-0.654679;0.654679;34.19;65.81;Acerto
3247.txt;Verdadeira;Verdadeira;-1.334345;1.334345;20.84;79.16;Acerto
3248.txt;Verdadeira;Verdadeira;-1.326677;1.326677;20.97;79.03;Acerto
3249.txt;Verdadeira;Verdadeira;-1.156506;1.156506;23.93;76.07;Acerto
3250.txt;Verdadeira;Verdadeira;-1.324499;1.324499;21.01;78.99;Acerto
3251.txt;Verdadeira;Verdadeira;-1.82384;1.82384;13.9;86.1;Acerto
3252.txt;Verdadeira;Verdadeira;-1.548671;1.548671;17.53;82.47;Acerto
3253.txt;Verdadeira;Verdadeira;-1.121427;1.121427;24.57;75.43;Acerto
3254.txt;Verdadeira;Verdadeira;-2.624193;2.624193;6.76;93.24;Acerto
3255.txt;Verdadeira;Verdadeira;-2.080227;2.080227;11.1;88.9;Acerto
3256.txt;Verdadeira;Verdadeira;-1.763982;1.763982;14.63;85.37;Acerto
3257.txt;Verdadeira;Verdadeira;-2.505735;2.505735;7.55;92.45;Acerto
3258.txt;Verdadeira;Verdadeira;-0.419322;0.419322;39.67;60.33;Acerto
3259.txt;Verdadeira;Verdadeira;-0.851195;0.851195;29.92;70.08;Acerto
3260.txt;Verdadeira;Verdadeira;-1.237813;1.237813;22.48;77.52;Acerto
3261.txt;Verdadeira;Verdadeira;-1.884938;1.884938;13.18;86.82;Acerto
3262.txt;Verdadeira;Verdadeira;-0.973156;0.973156;27.43;72.57;Acerto
3263.txt;Verdadeira;Verdadeira;-1.269353;1.269353;21.94;78.06;Acerto
3264.txt;Verdadeira;Verdadeira;-1.84928;1.84928;13.6;86.4;Acerto
3265.txt;Verdadeira;Verdadeira;-1.224549;1.224549;22.71;77.29;Acerto
3266.txt;Verdadeira;Verdadeira;-1.464149;1.464149;18.78;81.22;Acerto
3267.txt;Verdadeira;Verdadeira;-1.817776;1.817776;13.97;86.03;Acerto
3268.txt;Verdadeira;Verdadeira;-1.735318;1.735318;14.99;85.01;Acerto
3269.txt;Verdadeira;Verdadeira;-1.087848;1.087848;25.2;74.8;Acerto
3270.txt;Verdadeira;Verdadeira;-0.926389;0.926389;28.37;71.63;Acerto
3271.txt;Verdadeira;Verdadeira;-1.250703;1.250703;22.26;77.74;Acerto
3272.txt;Verdadeira;Verdadeira;-1.549955;1.549955;17.51;82.49;Acerto
3273.txt;Verdadeira;Verdadeira;-1.980351;1.980351;12.13;87.87;Acerto
3274.txt;Verdadeira;Verdadeira;-1.448446;1.448446;19.02;80.98;Acerto
3275.txt;Verdadeira;Verdadeira;-1.516649;1.516649;18.0;82.0;Acerto
3276.txt;Verdadeira;Verdadeira;-2.011239;2.011239;11.8;88.2;Acerto
3277.txt;Verdadeira;Verdadeira;-1.139418;1.139418;24.24;75.76;Acerto
3278.txt;Verdadeira;Verdadeira;-1.410487;1.410487;19.62;80.38;Acerto
3279.txt;Verdadeira;Verdadeira;-1.2577;1.2577;22.14;77.86;Acerto
3280.txt;Verdadeira;Verdadeira;-0.53459;0.53459;36.94;63.06;Acerto
3281.txt;Verdadeira;Verdadeira;-1.574747;1.574747;17.15;82.85;Acerto
3282.txt;Verdadeira;Verdadeira;-1.990482;1.990482;12.02;87.98;Acerto
3283.txt;Verdadeira;Verdadeira;-2.531302;2.531302;7.37;92.63;Acerto
3284.txt;Verdadeira;Verdadeira;-1.484346;1.484346;18.48;81.52;Acerto
3285.txt;Verdadeira;Verdadeira;-0.956917;0.956917;27.75;72.25;Acerto
3286.txt;Verdadeira;Verdadeira;-1.422464;1.422464;19.43;80.57;Acerto
3287.txt;Verdadeira;Verdadeira;-1.804688;1.804688;14.13;85.87;Acerto
3288.txt;Verdadeira;Verdadeira;-1.600381;1.600381;16.79;83.21;Acerto
3289.txt;Verdadeira;Verdadeira;-1.39139;1.39139;19.92;80.08;Acerto
3290.txt;Verdadeira;Verdadeira;-2.322172;2.322172;8.93;91.07;Acerto
3291.txt;Verdadeira;Verdadeira;-2.194857;2.194857;10.02;89.98;Acerto
3292.txt;Verdadeira;Verdadeira;-1.512642;1.512642;18.05;81.95;Acerto
3293.txt;Verdadeira;Verdadeira;-1.243203;1.243203;22.39;77.61;Acerto
3294.txt;Verdadeira;Verdadeira;-1.753463;1.753463;14.76;85.24;Acerto
3295.txt;Verdadeira;Verdadeira;-1.852992;1.852992;13.55;86.45;Acerto
3296.txt;Verdadeira;Verdadeira;-0.978656;0.978656;27.32;72.68;Acerto
3297.txt;Verdadeira;Verdadeira;-0.275412;0.275412;43.16;56.84;Acerto
3298.txt;Verdadeira;Verdadeira;-1.510114;1.510114;18.09;81.91;Acerto
3299.txt;Verdadeira;Verdadeira;-2.014691;2.014691;11.77;88.23;Acerto
3300.txt;Verdadeira;Verdadeira;-0.81729;0.81729;30.63;69.37;Acerto
3301.txt;Verdadeira;Verdadeira;-2.115306;2.115306;10.76;89.24;Acerto
3302.txt;Verdadeira;Verdadeira;-0.515141;0.515141;37.4;62.6;Acerto
3303.txt;Verdadeira;Verdadeira;-1.156269;1.156269;23.93;76.07;Acerto
3304.txt;Verdadeira;Verdadeira;-1.825015;1.825015;13.88;86.12;Acerto
3305.txt;Verdadeira;Verdadeira;-0.957786;0.957786;27.73;72.27;Acerto
3306.txt;Verdadeira;Verdadeira;-1.570757;1.570757;17.21;82.79;Acerto
3307.txt;Verdadeira;Verdadeira;-2.047852;2.047852;11.43;88.57;Acerto
3308.txt;Verdadeira;Verdadeira;-2.194298;2.194298;10.03;89.97;Acerto
3309.txt;Verdadeira;Verdadeira;-1.435428;1.435428;19.23;80.77;Acerto
3310.txt;Verdadeira;Verdadeira;-0.68471;0.68471;33.52;66.48;Acerto
3311.txt;Verdadeira;Verdadeira;-1.687314;1.687314;15.61;84.39;Acerto
3312.txt;Verdadeira;Verdadeira;-0.833435;0.833435;30.29;69.71;Acerto
3313.txt;Verdadeira;Verdadeira;-2.193042;2.193042;10.04;89.96;Acerto
3314.txt;Verdadeira;Verdadeira;-0.737076;0.737076;32.36;67.64;Acerto
3315.txt;Verdadeira;Verdadeira;-1.184472;1.184472;23.42;76.58;Acerto
3316.txt;Verdadeira;Verdadeira;-1.215166;1.215166;22.88;77.12;Acerto
3317.txt;Verdadeira;Verdadeira;-1.771358;1.771358;14.54;85.46;Acerto
3318.txt;Verdadeira;Verdadeira;-1.547656;1.547656;17.54;82.46;Acerto
3319.txt;Verdadeira;Verdadeira;-1.553219;1.553219;17.46;82.54;Acerto
3320.txt;Verdadeira;Verdadeira;-1.078695;1.078695;25.38;74.62;Acerto
3321.txt;Verdadeira;Verdadeira;-2.934376;2.934376;5.05;94.95;Acerto
3322.txt;Verdadeira;Verdadeira;-1.143043;1.143043;24.18;75.82;Acerto
3323.txt;Verdadeira;Verdadeira;-0.989568;0.989568;27.1;72.9;Acerto
3324.txt;Verdadeira;Verdadeira;-1.336906;1.336906;20.8;79.2;Acerto
3325.txt;Verdadeira;Verdadeira;-0.907582;0.907582;28.75;71.25;Acerto
3326.txt;Verdadeira;Verdadeira;-0.850523;0.850523;29.93;70.07;Acerto
3327.txt;Verdadeira;Verdadeira;-1.466304;1.466304;18.75;81.25;Acerto
3328.txt;Verdadeira;Verdadeira;-1.076176;1.076176;25.42;74.58;Acerto
3329.txt;Verdadeira;Verdadeira;-1.728649;1.728649;15.08;84.92;Acerto
3330.txt;Verdadeira;Verdadeira;-1.983399;1.983399;12.1;87.9;Acerto
3331.txt;Verdadeira;Verdadeira;-1.084705;1.084705;25.26;74.74;Acerto
3332.txt;Verdadeira;Verdadeira;-1.079289;1.079289;25.36;74.64;Acerto
3333.txt;Verdadeira;Verdadeira;-0.753136;0.753136;32.01;67.99;Acerto
3334.txt;Verdadeira;Verdadeira;-1.656633;1.656633;16.02;83.98;Acerto
3335.txt;Verdadeira;Verdadeira;-1.250044;1.250044;22.27;77.73;Acerto
3336.txt;Verdadeira;Verdadeira;-0.986869;0.986869;27.15;72.85;Acerto
3337.txt;Verdadeira;Verdadeira;-1.244798;1.244798;22.36;77.64;Acerto
3338.txt;Verdadeira;Verdadeira;-1.634026;1.634026;16.33;83.67;Acerto
3339.txt;Verdadeira;Verdadeira;-0.898732;0.898732;28.93;71.07;Acerto
3340.txt;Verdadeira;Verdadeira;-2.100724;2.100724;10.9;89.1;Acerto
3341.txt;Verdadeira;Verdadeira;-2.887944;2.887944;5.28;94.72;Acerto
3342.txt;Verdadeira;Verdadeira;-1.235817;1.235817;22.52;77.48;Acerto
3343.txt;Verdadeira;Verdadeira;-1.581045;1.581045;17.06;82.94;Acerto
3344.txt;Verdadeira;Verdadeira;-1.660871;1.660871;15.96;84.04;Acerto
3345.txt;Verdadeira;Verdadeira;-1.597032;1.597032;16.84;83.16;Acerto
3346.txt;Verdadeira;Verdadeira;-1.101114;1.101114;24.95;75.05;Acerto
3347.txt;Verdadeira;Verdadeira;-1.519751;1.519751;17.95;82.05;Acerto
3348.txt;Verdadeira;Verdadeira;-1.967521;1.967521;12.27;87.73;Acerto
3349.txt;Verdadeira;Verdadeira;-2.078586;2.078586;11.12;88.88;Acerto
3350.txt;Verdadeira;Verdadeira;-2.364122;2.364122;8.59;91.41;Acerto
3351.txt;Verdadeira;Verdadeira;-1.336095;1.336095;20.82;79.18;Acerto
3352.txt;Verdadeira;Verdadeira;-2.51925;2.51925;7.45;92.55;Acerto
3353.txt;Verdadeira;Verdadeira;-1.3475;1.3475;20.63;79.37;Acerto
3354.txt;Verdadeira;Verdadeira;-1.937739;1.937739;12.59;87.41;Acerto
3355.txt;Verdadeira;Verdadeira;-1.434823;1.434823;19.23;80.77;Acerto
3356.txt;Verdadeira;Verdadeira;-1.916852;1.916852;12.82;87.18;Acerto
3357.txt;Verdadeira;Verdadeira;-1.055483;1.055483;25.82;74.18;Acerto
3358.txt;Verdadeira;Verdadeira;-1.501798;1.501798;18.22;81.78;Acerto
3359.txt;Verdadeira;Verdadeira;-1.765719;1.765719;14.61;85.39;Acerto
3360.txt;Verdadeira;Verdadeira;-0.656457;0.656457;34.15;65.85;Acerto
3361.txt;Verdadeira;Verdadeira;-1.926488;1.926488;12.71;87.29;Acerto
3362.txt;Verdadeira;Verdadeira;-1.047444;1.047444;25.97;74.03;Acerto
3363.txt;Verdadeira;Verdadeira;-1.984445;1.984445;12.08;87.92;Acerto
3364.txt;Verdadeira;Verdadeira;-1.478887;1.478887;18.56;81.44;Acerto
3365.txt;Verdadeira;Verdadeira;-2.013044;2.013044;11.78;88.22;Acerto
3366.txt;Verdadeira;Verdadeira;-1.994188;1.994188;11.98;88.02;Acerto
3367.txt;Verdadeira;Verdadeira;-2.46602;2.46602;7.83;92.17;Acerto
3368.txt;Verdadeira;Verdadeira;-1.72969;1.72969;15.06;84.94;Acerto
3369.txt;Verdadeira;Verdadeira;-1.920795;1.920795;12.78;87.22;Acerto
3370.txt;Verdadeira;Verdadeira;-0.608284;0.608284;35.25;64.75;Acerto
3371.txt;Verdadeira;Verdadeira;-1.158503;1.158503;23.89;76.11;Acerto
3372.txt;Verdadeira;Verdadeira;-1.19821;1.19821;23.18;76.82;Acerto
3373.txt;Verdadeira;Verdadeira;-0.601823;0.601823;35.39;64.61;Acerto
3374.txt;Verdadeira;Verdadeira;-2.291372;2.291372;9.18;90.82;Acerto
3375.txt;Verdadeira;Verdadeira;-2.23192;2.23192;9.69;90.31;Acerto
3376.txt;Verdadeira;Verdadeira;-1.878341;1.878341;13.26;86.74;Acerto
3377.txt;Verdadeira;Verdadeira;-2.196424;2.196424;10.01;89.99;Acerto
3378.txt;Verdadeira;Verdadeira;-1.04051;1.04051;26.11;73.89;Acerto
3379.txt;Verdadeira;Verdadeira;-2.672033;2.672033;6.46;93.54;Acerto
3380.txt;Verdadeira;Verdadeira;-1.671151;1.671151;15.83;84.17;Acerto
3381.txt;Verdadeira;Verdadeira;-2.234599;2.234599;9.67;90.33;Acerto
3382.txt;Verdadeira;Fake;0.22857;0.22857;55.69;55.69;Erro
3383.txt;Verdadeira;Verdadeira;-1.495406;1.495406;18.31;81.69;Acerto
3384.txt;Verdadeira;Verdadeira;-1.023474;1.023474;26.44;73.56;Acerto
3385.txt;Verdadeira;Verdadeira;-1.426855;1.426855;19.36;80.64;Acerto
3386.txt;Verdadeira;Fake;0.35865;0.35865;58.87;58.87;Erro
3387.txt;Verdadeira;Verdadeira;-0.923983;0.923983;28.41;71.59;Acerto
3388.txt;Verdadeira;Verdadeira;-2.547739;2.547739;7.26;92.74;Acerto
3389.txt;Verdadeira;Verdadeira;-1.486266;1.486266;18.45;81.55;Acerto
3390.txt;Verdadeira;Verdadeira;-1.168175;1.168175;23.72;76.28;Acerto
3391.txt;Verdadeira;Verdadeira;-1.561496;1.561496;17.34;82.66;Acerto
3392.txt;Verdadeira;Verdadeira;-0.866384;0.866384;29.6;70.4;Acerto
3393.txt;Verdadeira;Verdadeira;-1.376193;1.376193;20.16;79.84;Acerto
3394.txt;Verdadeira;Verdadeira;-2.034767;2.034767;11.56;88.44;Acerto
3395.txt;Verdadeira;Verdadeira;-1.782545;1.782545;14.4;85.6;Acerto
3396.txt;Verdadeira;Verdadeira;-1.459697;1.459697;18.85;81.15;Acerto
3397.txt;Verdadeira;Verdadeira;-1.849671;1.849671;13.59;86.41;Acerto
3398.txt;Verdadeira;Verdadeira;-1.58524;1.58524;17.01;82.99;Acerto
3399.txt;Verdadeira;Verdadeira;-2.268527;2.268527;9.38;90.62;Acerto
3400.txt;Verdadeira;Verdadeira;-0.787394;0.787394;31.27;68.73;Acerto
3401.txt;Verdadeira;Verdadeira;-0.886332;0.886332;29.19;70.81;Acerto
3402.txt;Verdadeira;Verdadeira;-3.177324;3.177324;4.0;96.0;Acerto
3403.txt;Verdadeira;Verdadeira;-0.983377;0.983377;27.22;72.78;Acerto
3404.txt;Verdadeira;Verdadeira;-1.785694;1.785694;14.36;85.64;Acerto
3405.txt;Verdadeira;Verdadeira;-1.360442;1.360442;20.42;79.58;Acerto
3406.txt;Verdadeira;Verdadeira;-0.581901;0.581901;35.85;64.15;Acerto
3407.txt;Verdadeira;Verdadeira;-1.032267;1.032267;26.26;73.74;Acerto
3408.txt;Verdadeira;Verdadeira;-0.257242;0.257242;43.6;56.4;Acerto
3409.txt;Verdadeira;Verdadeira;-0.940773;0.940773;28.07;71.93;Acerto
3410.txt;Verdadeira;Verdadeira;-0.382267;0.382267;40.56;59.44;Acerto
3411.txt;Verdadeira;Verdadeira;-1.258218;1.258218;22.13;77.87;Acerto
3412.txt;Verdadeira;Verdadeira;-0.184927;0.184927;45.39;54.61;Acerto
3413.txt;Verdadeira;Verdadeira;-1.781103;1.781103;14.42;85.58;Acerto
3414.txt;Verdadeira;Verdadeira;-0.750675;0.750675;32.07;67.93;Acerto
3415.txt;Verdadeira;Verdadeira;-1.125308;1.125308;24.5;75.5;Acerto
3416.txt;Verdadeira;Verdadeira;-1.038439;1.038439;26.15;73.85;Acerto
3417.txt;Verdadeira;Verdadeira;-1.554669;1.554669;17.44;82.56;Acerto
3418.txt;Verdadeira;Verdadeira;-1.304686;1.304686;21.34;78.66;Acerto
3419.txt;Verdadeira;Verdadeira;-1.612135;1.612135;16.63;83.37;Acerto
3420.txt;Verdadeira;Verdadeira;-1.552702;1.552702;17.47;82.53;Acerto
3421.txt;Verdadeira;Verdadeira;-0.866167;0.866167;29.61;70.39;Acerto
3422.txt;Verdadeira;Verdadeira;-2.361104;2.361104;8.62;91.38;Acerto
3423.txt;Verdadeira;Verdadeira;-0.924435;0.924435;28.41;71.59;Acerto
3424.txt;Verdadeira;Verdadeira;-1.991288;1.991288;12.01;87.99;Acerto
3425.txt;Verdadeira;Verdadeira;-1.051427;1.051427;25.9;74.1;Acerto
3426.txt;Verdadeira;Verdadeira;-1.826846;1.826846;13.86;86.14;Acerto
3427.txt;Verdadeira;Verdadeira;-1.655768;1.655768;16.03;83.97;Acerto
3428.txt;Verdadeira;Verdadeira;-2.700576;2.700576;6.29;93.71;Acerto
3429.txt;Verdadeira;Verdadeira;-2.264935;2.264935;9.41;90.59;Acerto
3430.txt;Verdadeira;Verdadeira;-1.156141;1.156141;23.94;76.06;Acerto
3431.txt;Verdadeira;Verdadeira;-2.154631;2.154631;10.39;89.61;Acerto
3432.txt;Verdadeira;Verdadeira;-0.997418;0.997418;26.94;73.06;Acerto
3433.txt;Verdadeira;Verdadeira;-1.489308;1.489308;18.4;81.6;Acerto
3434.txt;Verdadeira;Verdadeira;-2.052233;2.052233;11.38;88.62;Acerto
3435.txt;Verdadeira;Verdadeira;-0.350846;0.350846;41.32;58.68;Acerto
3436.txt;Verdadeira;Verdadeira;-1.939135;1.939135;12.57;87.43;Acerto
3437.txt;Verdadeira;Verdadeira;-1.823119;1.823119;13.91;86.09;Acerto
3438.txt;Verdadeira;Verdadeira;-1.467748;1.467748;18.73;81.27;Acerto
3439.txt;Verdadeira;Verdadeira;-1.75123;1.75123;14.79;85.21;Acerto
3440.txt;Verdadeira;Verdadeira;-0.315111;0.315111;42.19;57.81;Acerto
3441.txt;Verdadeira;Verdadeira;-1.624505;1.624505;16.46;83.54;Acerto
3442.txt;Verdadeira;Verdadeira;-2.284227;2.284227;9.24;90.76;Acerto
3443.txt;Verdadeira;Verdadeira;-0.990782;0.990782;27.08;72.92;Acerto
3444.txt;Verdadeira;Fake;0.025282;0.025282;50.63;50.63;Erro
3445.txt;Verdadeira;Verdadeira;-1.404935;1.404935;19.7;80.3;Acerto
3446.txt;Verdadeira;Verdadeira;-2.113403;2.113403;10.78;89.22;Acerto
3447.txt;Verdadeira;Verdadeira;-1.429446;1.429446;19.32;80.68;Acerto
3448.txt;Verdadeira;Verdadeira;-1.477341;1.477341;18.58;81.42;Acerto
3449.txt;Verdadeira;Verdadeira;-1.1905;1.1905;23.32;76.68;Acerto
3450.txt;Verdadeira;Verdadeira;-0.358777;0.358777;41.13;58.87;Acerto
3451.txt;Verdadeira;Fake;0.054117;0.054117;51.35;51.35;Erro
3452.txt;Verdadeira;Verdadeira;-1.001762;1.001762;26.86;73.14;Acerto
3453.txt;Verdadeira;Verdadeira;-1.440005;1.440005;19.15;80.85;Acerto
3454.txt;Verdadeira;Verdadeira;-1.189403;1.189403;23.34;76.66;Acerto
3455.txt;Verdadeira;Verdadeira;-0.922636;0.922636;28.44;71.56;Acerto
3456.txt;Verdadeira;Verdadeira;-1.664335;1.664335;15.92;84.08;Acerto
3457.txt;Verdadeira;Verdadeira;-0.816905;0.816905;30.64;69.36;Acerto
3458.txt;Verdadeira;Verdadeira;-0.82749;0.82749;30.42;69.58;Acerto
3459.txt;Verdadeira;Verdadeira;-0.240242;0.240242;44.02;55.98;Acerto
3460.txt;Verdadeira;Verdadeira;-1.80638;1.80638;14.11;85.89;Acerto
3461.txt;Verdadeira;Verdadeira;-0.75517;0.75517;31.97;68.03;Acerto
3462.txt;Verdadeira;Verdadeira;-1.138312;1.138312;24.26;75.74;Acerto
3463.txt;Verdadeira;Verdadeira;-1.200455;1.200455;23.14;76.86;Acerto
3464.txt;Verdadeira;Verdadeira;-1.275144;1.275144;21.84;78.16;Acerto
3465.txt;Verdadeira;Verdadeira;-1.539691;1.539691;17.66;82.34;Acerto
3466.txt;Verdadeira;Fake;0.059233;0.059233;51.48;51.48;Erro
3467.txt;Verdadeira;Verdadeira;-1.283492;1.283492;21.7;78.3;Acerto
3468.txt;Verdadeira;Verdadeira;-0.955947;0.955947;27.77;72.23;Acerto
3469.txt;Verdadeira;Verdadeira;-2.893314;2.893314;5.25;94.75;Acerto
3470.txt;Verdadeira;Verdadeira;-2.189024;2.189024;10.07;89.93;Acerto
3471.txt;Verdadeira;Verdadeira;-1.645963;1.645963;16.17;83.83;Acerto
3472.txt;Verdadeira;Verdadeira;-0.434867;0.434867;39.3;60.7;Acerto
3473.txt;Verdadeira;Fake;0.168367;0.168367;54.2;54.2;Erro
3474.txt;Verdadeira;Verdadeira;-1.297726;1.297726;21.45;78.55;Acerto
3475.txt;Verdadeira;Verdadeira;-1.437265;1.437265;19.2;80.8;Acerto
3476.txt;Verdadeira;Verdadeira;-1.026598;1.026598;26.37;73.63;Acerto
3477.txt;Verdadeira;Verdadeira;-1.373255;1.373255;20.21;79.79;Acerto
3478.txt;Verdadeira;Verdadeira;-2.313014;2.313014;9.01;90.99;Acerto
3479.txt;Verdadeira;Verdadeira;-2.383387;2.383387;8.44;91.56;Acerto
3480.txt;Verdadeira;Verdadeira;-1.052141;1.052141;25.88;74.12;Acerto
3481.txt;Verdadeira;Verdadeira;-0.286611;0.286611;42.88;57.12;Acerto
3482.txt;Verdadeira;Verdadeira;-2.754102;2.754102;5.99;94.01;Acerto
3483.txt;Verdadeira;Verdadeira;-2.181247;2.181247;10.14;89.86;Acerto
3484.txt;Verdadeira;Verdadeira;-1.307844;1.307844;21.28;78.72;Acerto
3485.txt;Verdadeira;Verdadeira;-1.831474;1.831474;13.81;86.19;Acerto
3486.txt;Verdadeira;Verdadeira;-2.667494;2.667494;6.49;93.51;Acerto
3487.txt;Verdadeira;Verdadeira;-0.449892;0.449892;38.94;61.06;Acerto
3488.txt;Verdadeira;Verdadeira;-1.385066;1.385066;20.02;79.98;Acerto
3489.txt;Verdadeira;Verdadeira;-0.734404;0.734404;32.42;67.58;Acerto
3490.txt;Verdadeira;Verdadeira;-0.651306;0.651306;34.27;65.73;Acerto
3491.txt;Verdadeira;Verdadeira;-2.340794;2.340794;8.78;91.22;Acerto
3492.txt;Verdadeira;Verdadeira;-2.307906;2.307906;9.05;90.95;Acerto
3493.txt;Verdadeira;Verdadeira;-1.236654;1.236654;22.5;77.5;Acerto
3494.txt;Verdadeira;Verdadeira;-1.003571;1.003571;26.82;73.18;Acerto
3495.txt;Verdadeira;Verdadeira;-1.038476;1.038476;26.14;73.86;Acerto
3496.txt;Verdadeira;Verdadeira;-1.865974;1.865974;13.4;86.6;Acerto
3497.txt;Verdadeira;Verdadeira;-1.727369;1.727369;15.09;84.91;Acerto
3498.txt;Verdadeira;Verdadeira;-1.206333;1.206333;23.04;76.96;Acerto
3499.txt;Verdadeira;Verdadeira;-1.198945;1.198945;23.17;76.83;Acerto
3500.txt;Verdadeira;Verdadeira;-1.781533;1.781533;14.41;85.59;Acerto
3501.txt;Verdadeira;Verdadeira;-1.536318;1.536318;17.71;82.29;Acerto
3502.txt;Verdadeira;Verdadeira;-1.278237;1.278237;21.79;78.21;Acerto
3503.txt;Verdadeira;Verdadeira;-1.149207;1.149207;24.06;75.94;Acerto
3504.txt;Verdadeira;Verdadeira;-0.495802;0.495802;37.85;62.15;Acerto
3505.txt;Verdadeira;Verdadeira;-1.965069;1.965069;12.29;87.71;Acerto
3506.txt;Verdadeira;Verdadeira;-0.975157;0.975157;27.39;72.61;Acerto
3507.txt;Verdadeira;Verdadeira;-0.839621;0.839621;30.16;69.84;Acerto
3508.txt;Verdadeira;Verdadeira;-1.561593;1.561593;17.34;82.66;Acerto
3509.txt;Verdadeira;Verdadeira;-1.286976;1.286976;21.64;78.36;Acerto
3510.txt;Verdadeira;Verdadeira;-0.746869;0.746869;32.15;67.85;Acerto
3511.txt;Verdadeira;Verdadeira;-0.982068;0.982068;27.25;72.75;Acerto
3512.txt;Verdadeira;Verdadeira;-1.702171;1.702171;15.42;84.58;Acerto
3513.txt;Verdadeira;Verdadeira;-1.342599;1.342599;20.71;79.29;Acerto
3514.txt;Verdadeira;Verdadeira;-1.408698;1.408698;19.64;80.36;Acerto
3515.txt;Verdadeira;Verdadeira;-1.348036;1.348036;20.62;79.38;Acerto
3516.txt;Verdadeira;Verdadeira;-0.773543;0.773543;31.57;68.43;Acerto
3517.txt;Verdadeira;Verdadeira;-0.098161;0.098161;47.55;52.45;Acerto
3518.txt;Verdadeira;Verdadeira;-1.820233;1.820233;13.94;86.06;Acerto
3519.txt;Verdadeira;Verdadeira;-1.360716;1.360716;20.41;79.59;Acerto
3520.txt;Verdadeira;Verdadeira;-2.432909;2.432909;8.07;91.93;Acerto
3521.txt;Verdadeira;Verdadeira;-1.011596;1.011596;26.67;73.33;Acerto
3522.txt;Verdadeira;Verdadeira;-0.891731;0.891731;29.08;70.92;Acerto
3523.txt;Verdadeira;Verdadeira;-1.824987;1.824987;13.88;86.12;Acerto
3524.txt;Verdadeira;Verdadeira;-1.503413;1.503413;18.19;81.81;Acerto
3525.txt;Verdadeira;Verdadeira;-1.844926;1.844926;13.65;86.35;Acerto
3526.txt;Verdadeira;Verdadeira;-1.432588;1.432588;19.27;80.73;Acerto
3527.txt;Verdadeira;Verdadeira;-1.320601;1.320601;21.07;78.93;Acerto
3528.txt;Verdadeira;Verdadeira;-2.179244;2.179244;10.16;89.84;Acerto
3529.txt;Verdadeira;Verdadeira;-1.199918;1.199918;23.15;76.85;Acerto
3530.txt;Verdadeira;Verdadeira;-1.377678;1.377678;20.14;79.86;Acerto
3531.txt;Verdadeira;Verdadeira;-2.550671;2.550671;7.24;92.76;Acerto
3532.txt;Verdadeira;Verdadeira;-1.557093;1.557093;17.41;82.59;Acerto
3533.txt;Verdadeira;Verdadeira;-2.745591;2.745591;6.03;93.97;Acerto
3534.txt;Verdadeira;Verdadeira;-0.887877;0.887877;29.15;70.85;Acerto
3535.txt;Verdadeira;Verdadeira;-1.472562;1.472562;18.66;81.34;Acerto
3536.txt;Verdadeira;Verdadeira;-1.882538;1.882538;13.21;86.79;Acerto
3537.txt;Verdadeira;Verdadeira;-0.118401;0.118401;47.04;52.96;Acerto
3538.txt;Verdadeira;Verdadeira;-1.268276;1.268276;21.96;78.04;Acerto
3539.txt;Verdadeira;Verdadeira;-1.214564;1.214564;22.89;77.11;Acerto
3540.txt;Verdadeira;Verdadeira;-1.186337;1.186337;23.39;76.61;Acerto
3541.txt;Verdadeira;Verdadeira;-1.439603;1.439603;19.16;80.84;Acerto
3542.txt;Verdadeira;Verdadeira;-2.002925;2.002925;11.89;88.11;Acerto
3543.txt;Verdadeira;Verdadeira;-1.083381;1.083381;25.29;74.71;Acerto
3544.txt;Verdadeira;Verdadeira;-2.485162;2.485162;7.69;92.31;Acerto
3545.txt;Verdadeira;Verdadeira;-1.062006;1.062006;25.69;74.31;Acerto
3546.txt;Verdadeira;Verdadeira;-1.381801;1.381801;20.07;79.93;Acerto
3547.txt;Verdadeira;Verdadeira;-1.676905;1.676905;15.75;84.25;Acerto
3548.txt;Verdadeira;Verdadeira;-0.630901;0.630901;34.73;65.27;Acerto
3549.txt;Verdadeira;Verdadeira;-0.965231;0.965231;27.58;72.42;Acerto
3550.txt;Verdadeira;Verdadeira;-1.185596;1.185596;23.4;76.6;Acerto
3551.txt;Verdadeira;Verdadeira;-2.238301;2.238301;9.64;90.36;Acerto
3552.txt;Verdadeira;Verdadeira;-1.764569;1.764569;14.62;85.38;Acerto
3553.txt;Verdadeira;Verdadeira;-1.805839;1.805839;14.11;85.89;Acerto
3554.txt;Verdadeira;Verdadeira;-1.083744;1.083744;25.28;74.72;Acerto
3555.txt;Verdadeira;Verdadeira;-1.755154;1.755154;14.74;85.26;Acerto
3556.txt;Verdadeira;Verdadeira;-2.127965;2.127965;10.64;89.36;Acerto
3557.txt;Verdadeira;Verdadeira;-2.004158;2.004158;11.88;88.12;Acerto
3558.txt;Verdadeira;Verdadeira;-1.252532;1.252532;22.23;77.77;Acerto
3559.txt;Verdadeira;Verdadeira;-1.45715;1.45715;18.89;81.11;Acerto
3560.txt;Verdadeira;Verdadeira;-1.216098;1.216098;22.86;77.14;Acerto
3561.txt;Verdadeira;Verdadeira;-1.97409;1.97409;12.2;87.8;Acerto
3562.txt;Verdadeira;Verdadeira;-2.580238;2.580238;7.04;92.96;Acerto
3563.txt;Verdadeira;Verdadeira;-1.483288;1.483288;18.49;81.51;Acerto
3564.txt;Verdadeira;Verdadeira;-2.892618;2.892618;5.25;94.75;Acerto
3565.txt;Verdadeira;Verdadeira;-0.9562;0.9562;27.76;72.24;Acerto
3566.txt;Verdadeira;Verdadeira;-1.793523;1.793523;14.26;85.74;Acerto
3567.txt;Verdadeira;Verdadeira;-0.39264;0.39264;40.31;59.69;Acerto
3568.txt;Verdadeira;Verdadeira;-0.958557;0.958557;27.72;72.28;Acerto
3569.txt;Verdadeira;Verdadeira;-1.312939;1.312939;21.2;78.8;Acerto
3570.txt;Verdadeira;Verdadeira;-2.652051;2.652051;6.59;93.41;Acerto
3571.txt;Verdadeira;Verdadeira;-1.664247;1.664247;15.92;84.08;Acerto
3572.txt;Verdadeira;Verdadeira;-0.965755;0.965755;27.57;72.43;Acerto
3573.txt;Verdadeira;Verdadeira;-1.887344;1.887344;13.15;86.85;Acerto
3574.txt;Verdadeira;Verdadeira;-1.179956;1.179956;23.51;76.49;Acerto
3575.txt;Verdadeira;Verdadeira;-0.480365;0.480365;38.22;61.78;Acerto
3576.txt;Verdadeira;Verdadeira;-1.747396;1.747396;14.84;85.16;Acerto
3577.txt;Verdadeira;Verdadeira;-1.606426;1.606426;16.71;83.29;Acerto
3578.txt;Verdadeira;Verdadeira;-0.98704;0.98704;27.15;72.85;Acerto
3579.txt;Verdadeira;Verdadeira;-0.285177;0.285177;42.92;57.08;Acerto
3580.txt;Verdadeira;Verdadeira;-1.335649;1.335649;20.82;79.18;Acerto
3581.txt;Verdadeira;Verdadeira;-0.434727;0.434727;39.3;60.7;Acerto
3582.txt;Verdadeira;Verdadeira;-3.11202;3.11202;4.26;95.74;Acerto
3583.txt;Verdadeira;Verdadeira;-1.271085;1.271085;21.91;78.09;Acerto
3584.txt;Verdadeira;Verdadeira;-1.140945;1.140945;24.21;75.79;Acerto
3585.txt;Verdadeira;Verdadeira;-1.409861;1.409861;19.63;80.37;Acerto
3586.txt;Verdadeira;Verdadeira;-1.935133;1.935133;12.62;87.38;Acerto
3587.txt;Verdadeira;Verdadeira;-2.591088;2.591088;6.97;93.03;Acerto
3588.txt;Verdadeira;Verdadeira;-1.335168;1.335168;20.83;79.17;Acerto
3589.txt;Verdadeira;Verdadeira;-1.195484;1.195484;23.23;76.77;Acerto
3590.txt;Verdadeira;Verdadeira;-1.90422;1.90422;12.96;87.04;Acerto
3591.txt;Verdadeira;Verdadeira;-2.325819;2.325819;8.9;91.1;Acerto
3592.txt;Verdadeira;Verdadeira;-1.574613;1.574613;17.16;82.84;Acerto
3593.txt;Verdadeira;Verdadeira;-1.279348;1.279348;21.77;78.23;Acerto
3594.txt;Verdadeira;Verdadeira;-1.239686;1.239686;22.45;77.55;Acerto
3595.txt;Verdadeira;Verdadeira;-2.683892;2.683892;6.39;93.61;Acerto
3596.txt;Verdadeira;Verdadeira;-2.149769;2.149769;10.44;89.56;Acerto
3597.txt;Verdadeira;Verdadeira;-1.773832;1.773832;14.51;85.49;Acerto
3598.txt;Verdadeira;Verdadeira;-1.363115;1.363115;20.37;79.63;Acerto
3599.txt;Verdadeira;Verdadeira;-1.410487;1.410487;19.62;80.38;Acerto
3600.txt;Verdadeira;Verdadeira;-1.039699;1.039699;26.12;73.88;Acerto
3601.txt;Verdadeira;Verdadeira;-1.277982;1.277982;21.79;78.21;Acerto
3602.txt;Verdadeira;Verdadeira;-2.003424;2.003424;11.88;88.12;Acerto
